[run number],spawn-kill,gain-immunity,lambda,end-infection-rate,end-infection-prob,latent-period,network-type,set-state-by,plot-metric,auto-set,infection-prob,infection-rate,min-deg,d,end-latency-rate,model-time,num-nodes,num/frac,set-state-to,time-step,end-latency-prob,[step],count turtles with [removed?],ticks
1,Spawn,TRUE,5,1,0.5,FALSE,Nearest-neighbor 2,Vector from input,Degree Distribution,TRUE,0.99,0.1,0,2,1,Discrete,100,1,Infectious,1,0.5,8,100,8
5,Spawn,TRUE,5,1,0.5,FALSE,Nearest-neighbor 2,Vector from input,Degree Distribution,TRUE,0.99,0.1,0,2,1,Discrete,100,1,Infectious,1,0.5,8,100,8
6,Spawn,TRUE,5,1,0.5,FALSE,Nearest-neighbor 2,Vector from input,Degree Distribution,TRUE,0.99,0.1,0,2,1,Discrete,100,1,Infectious,1,0.5,9,100,9
7,Spawn,TRUE,5,1,0.5,FALSE,Nearest-neighbor 2,Vector from input,Degree Distribution,TRUE,0.99,0.1,0,2,1,Discrete,100,1,Infectious,1,0.5,9,100,9
8,Spawn,TRUE,5,1,0.5,FALSE,Nearest-neighbor 2,Vector from input,Degree Distribution,TRUE,0.99,0.1,0,2,1,Discrete,100,1,Infectious,1,0.5,9,100,9
9,Spawn,TRUE,5,1,0.5,FALSE,Nearest-neighbor 2,Vector from input,Degree Distribution,TRUE,0.99,0.1,0,2,1,Discrete,100,1,Infectious,1,0.5,10,100,10
10,Spawn,TRUE,5,1,0.5,FALSE,Nearest-neighbor 2,Vector from input,Degree Distribution,TRUE,0.99,0.1,0,2,1,Discrete,100,1,Infectious,1,0.5,10,100,10
11,Spawn,TRUE,5,1,0.5,FALSE,Nearest-neighbor 2,Vector from input,Degree Distribution,TRUE,0.99,0.1,0,2,1,Discrete,100,1,Infectious,1,0.5,8,100,8
12,Spawn,TRUE,5,1,0.5,FALSE,Nearest-neighbor 2,Vector from input,Degree Distribution,TRUE,0.99,0.1,0,2,1,Discrete,100,1,Infectious,1,0.5,8,100,8
13,Spawn,TRUE,5,1,0.5,FALSE,Nearest-neighbor 2,Vector from input,Degree Distribution,TRUE,0.99,0.1,0,2,1,Discrete,100,1,Infectious,1,0.5,8,100,8
14,Spawn,TRUE,5,1,0.5,FALSE,Nearest-neighbor 2,Vector from input,Degree Distribution,TRUE,0.99,0.1,0,2,1,Discrete,100,1,Infectious,1,0.5,8,100,8
15,Spawn,TRUE,5,1,0.5,FALSE,Nearest-neighbor 2,Vector from input,Degree Distribution,TRUE,0.99,0.1,0,2,1,Discrete,100,1,Infectious,1,0.5,12,100,12
16,Spawn,TRUE,5,1,0.5,FALSE,Nearest-neighbor 2,Vector from input,Degree Distribution,TRUE,0.99,0.1,0,2,1,Discrete,100,1,Infectious,1,0.5,8,100,8
17,Spawn,TRUE,5,1,0.5,FALSE,Nearest-neighbor 2,Vector from input,Degree Distribution,TRUE,0.99,0.1,0,2,1,Discrete,100,1,Infectious,1,0.5,15,100,15
18,Spawn,TRUE,5,1,0.5,FALSE,Nearest-neighbor 2,Vector from input,Degree Distribution,TRUE,0.99,0.1,0,2,1,Discrete,100,1,Infectious,1,0.5,11,100,11
19,Spawn,TRUE,5,1,0.5,FALSE,Nearest-neighbor 2,Vector from input,Degree Distribution,TRUE,0.99,0.1,0,2,1,Discrete,100,1,Infectious,1,0.5,6,100,6
20,Spawn,TRUE,5,1,0.5,FALSE,Nearest-neighbor 2,Vector from input,Degree Distribution,TRUE,0.99,0.1,0,2,1,Discrete,100,1,Infectious,1,0.5,8,100,8
21,Spawn,TRUE,5,1,0.5,FALSE,Nearest-neighbor 2,Vector from input,Degree Distribution,TRUE,0.99,0.1,0,2,1,Discrete,100,1,Infectious,1,0.5,11,100,11
22,Spawn,TRUE,5,1,0.5,FALSE,Nearest-neighbor 2,Vector from input,Degree Distribution,TRUE,0.99,0.1,0,2,1,Discrete,100,1,Infectious,1,0.5,7,100,7
23,Spawn,TRUE,5,1,0.5,FALSE,Nearest-neighbor 2,Vector from input,Degree Distribution,TRUE,0.99,0.1,0,2,1,Discrete,100,1,Infectious,1,0.5,7,100,7
24,Spawn,TRUE,5,1,0.5,FALSE,Nearest-neighbor 2,Vector from input,Degree Distribution,TRUE,0.99,0.1,0,2,1,Discrete,100,1,Infectious,1,0.5,12,100,12
25,Spawn,TRUE,5,1,0.5,FALSE,Nearest-neighbor 2,Vector from input,Degree Distribution,TRUE,0.99,0.1,0,2,1,Discrete,100,1,Infectious,1,0.5,7,100,7
26,Spawn,TRUE,5,1,0.5,FALSE,Nearest-neighbor 2,Vector from input,Degree Distribution,TRUE,0.99,0.1,0,2,1,Discrete,100,1,Infectious,1,0.5,10,100,10
27,Spawn,TRUE,5,1,0.5,FALSE,Nearest-neighbor 2,Vector from input,Degree Distribution,TRUE,0.99,0.1,0,2,1,Discrete,100,1,Infectious,1,0.5,10,100,10
28,Spawn,TRUE,5,1,0.5,FALSE,Nearest-neighbor 2,Vector from input,Degree Distribution,TRUE,0.99,0.1,0,2,1,Discrete,100,1,Infectious,1,0.5,12,100,12
29,Spawn,TRUE,5,1,0.5,FALSE,Nearest-neighbor 2,Vector from input,Degree Distribution,TRUE,0.99,0.1,0,2,1,Discrete,100,1,Infectious,1,0.5,12,100,12
30,Spawn,TRUE,5,1,0.5,FALSE,Nearest-neighbor 2,Vector from input,Degree Distribution,TRUE,0.99,0.1,0,2,1,Discrete,100,1,Infectious,1,0.5,9,100,9
31,Spawn,TRUE,5,1,0.5,FALSE,Nearest-neighbor 2,Vector from input,Degree Distribution,TRUE,0.99,0.1,0,2,1,Discrete,100,1,Infectious,1,0.5,9,100,9
32,Spawn,TRUE,5,1,0.5,FALSE,Nearest-neighbor 2,Vector from input,Degree Distribution,TRUE,0.99,0.1,0,2,1,Discrete,100,1,Infectious,1,0.5,11,100,11
33,Spawn,TRUE,5,1,0.5,FALSE,Nearest-neighbor 2,Vector from input,Degree Distribution,TRUE,0.99,0.1,0,2,1,Discrete,100,1,Infectious,1,0.5,8,100,8
34,Spawn,TRUE,5,1,0.5,FALSE,Nearest-neighbor 2,Vector from input,Degree Distribution,TRUE,0.99,0.1,0,2,1,Discrete,100,1,Infectious,1,0.5,10,100,10
35,Spawn,TRUE,5,1,0.5,FALSE,Nearest-neighbor 2,Vector from input,Degree Distribution,TRUE,0.99,0.1,0,2,1,Discrete,100,1,Infectious,1,0.5,10,100,10
36,Spawn,TRUE,5,1,0.5,FALSE,Nearest-neighbor 2,Vector from input,Degree Distribution,TRUE,0.99,0.1,0,2,1,Discrete,100,1,Infectious,1,0.5,10,100,10
37,Spawn,TRUE,5,1,0.5,FALSE,Nearest-neighbor 2,Vector from input,Degree Distribution,TRUE,0.99,0.1,0,2,1,Discrete,100,1,Infectious,1,0.5,9,100,9
38,Spawn,TRUE,5,1,0.5,FALSE,Nearest-neighbor 2,Vector from input,Degree Distribution,TRUE,0.99,0.1,0,2,1,Discrete,100,1,Infectious,1,0.5,10,100,10
39,Spawn,TRUE,5,1,0.5,FALSE,Nearest-neighbor 2,Vector from input,Degree Distribution,TRUE,0.99,0.1,0,2,1,Discrete,100,1,Infectious,1,0.5,11,100,11
40,Spawn,TRUE,5,1,0.5,FALSE,Nearest-neighbor 2,Vector from input,Degree Distribution,TRUE,0.99,0.1,0,2,1,Discrete,100,1,Infectious,1,0.5,9,100,9
41,Spawn,TRUE,5,1,0.5,FALSE,Nearest-neighbor 2,Vector from input,Degree Distribution,TRUE,0.99,0.1,0,2,1,Discrete,100,1,Infectious,1,0.5,8,96,8
42,Spawn,TRUE,5,1,0.5,FALSE,Nearest-neighbor 2,Vector from input,Degree Distribution,TRUE,0.99,0.1,0,2,1,Discrete,100,1,Infectious,1,0.5,8,100,8
43,Spawn,TRUE,5,1,0.5,FALSE,Nearest-neighbor 2,Vector from input,Degree Distribution,TRUE,0.99,0.1,0,2,1,Discrete,100,1,Infectious,1,0.5,9,100,9
44,Spawn,TRUE,5,1,0.5,FALSE,Nearest-neighbor 2,Vector from input,Degree Distribution,TRUE,0.99,0.1,0,2,1,Discrete,100,1,Infectious,1,0.5,9,100,9
45,Spawn,TRUE,5,1,0.5,FALSE,Nearest-neighbor 2,Vector from input,Degree Distribution,TRUE,0.99,0.1,0,2,1,Discrete,100,1,Infectious,1,0.5,9,100,9
46,Spawn,TRUE,5,1,0.5,FALSE,Nearest-neighbor 2,Vector from input,Degree Distribution,TRUE,0.99,0.1,0,2,1,Discrete,100,1,Infectious,1,0.5,11,100,11
47,Spawn,TRUE,5,1,0.5,FALSE,Nearest-neighbor 2,Vector from input,Degree Distribution,TRUE,0.99,0.1,0,2,1,Discrete,100,1,Infectious,1,0.5,9,100,9
48,Spawn,TRUE,5,1,0.5,FALSE,Nearest-neighbor 2,Vector from input,Degree Distribution,TRUE,0.99,0.1,0,2,1,Discrete,100,1,Infectious,1,0.5,10,100,10
49,Spawn,TRUE,5,1,0.5,FALSE,Nearest-neighbor 2,Vector from input,Degree Distribution,TRUE,0.99,0.1,0,2,1,Discrete,100,1,Infectious,1,0.5,12,100,12
50,Spawn,TRUE,5,1,0.5,FALSE,Nearest-neighbor 2,Vector from input,Degree Distribution,TRUE,0.99,0.1,0,2,1,Discrete,100,1,Infectious,1,0.5,9,100,9
51,Spawn,TRUE,5,1,0.5,FALSE,Nearest-neighbor 2,Vector from input,Degree Distribution,TRUE,0.99,0.1,0,2,1,Discrete,100,1,Infectious,1,0.5,10,100,10
52,Spawn,TRUE,5,1,0.5,FALSE,Nearest-neighbor 2,Vector from input,Degree Distribution,TRUE,0.99,0.1,0,2,1,Discrete,100,1,Infectious,1,0.5,11,100,11
53,Spawn,TRUE,5,1,0.5,FALSE,Nearest-neighbor 2,Vector from input,Degree Distribution,TRUE,0.99,0.1,0,2,1,Discrete,100,1,Infectious,1,0.5,9,100,9
54,Spawn,TRUE,5,1,0.5,FALSE,Nearest-neighbor 2,Vector from input,Degree Distribution,TRUE,0.99,0.1,0,2,1,Discrete,100,1,Infectious,1,0.5,8,100,8
55,Spawn,TRUE,5,1,0.5,FALSE,Nearest-neighbor 2,Vector from input,Degree Distribution,TRUE,0.99,0.1,0,2,1,Discrete,100,1,Infectious,1,0.5,8,100,8
56,Spawn,TRUE,5,1,0.5,FALSE,Nearest-neighbor 2,Vector from input,Degree Distribution,TRUE,0.99,0.1,0,2,1,Discrete,100,1,Infectious,1,0.5,10,100,10
57,Spawn,TRUE,5,1,0.5,FALSE,Nearest-neighbor 2,Vector from input,Degree Distribution,TRUE,0.99,0.1,0,2,1,Discrete,100,1,Infectious,1,0.5,10,100,10
58,Spawn,TRUE,5,1,0.5,FALSE,Nearest-neighbor 2,Vector from input,Degree Distribution,TRUE,0.99,0.1,0,2,1,Discrete,100,1,Infectious,1,0.5,7,100,7
59,Spawn,TRUE,5,1,0.5,FALSE,Nearest-neighbor 2,Vector from input,Degree Distribution,TRUE,0.99,0.1,0,2,1,Discrete,100,1,Infectious,1,0.5,8,100,8
60,Spawn,TRUE,5,1,0.5,FALSE,Nearest-neighbor 2,Vector from input,Degree Distribution,TRUE,0.99,0.1,0,2,1,Discrete,100,1,Infectious,1,0.5,10,100,10
61,Spawn,TRUE,5,1,0.5,FALSE,Nearest-neighbor 2,Vector from input,Degree Distribution,TRUE,0.99,0.1,0,2,1,Discrete,100,1,Infectious,1,0.5,10,100,10
62,Spawn,TRUE,5,1,0.5,FALSE,Nearest-neighbor 2,Vector from input,Degree Distribution,TRUE,0.99,0.1,0,2,1,Discrete,100,1,Infectious,1,0.5,8,100,8
63,Spawn,TRUE,5,1,0.5,FALSE,Nearest-neighbor 2,Vector from input,Degree Distribution,TRUE,0.99,0.1,0,2,1,Discrete,100,1,Infectious,1,0.5,11,100,11
64,Spawn,TRUE,5,1,0.5,FALSE,Nearest-neighbor 2,Vector from input,Degree Distribution,TRUE,0.99,0.1,0,2,1,Discrete,100,1,Infectious,1,0.5,9,100,9
65,Spawn,TRUE,5,1,0.5,FALSE,Nearest-neighbor 2,Vector from input,Degree Distribution,TRUE,0.99,0.1,0,2,1,Discrete,100,1,Infectious,1,0.5,9,100,9
66,Spawn,TRUE,5,1,0.5,FALSE,Nearest-neighbor 2,Vector from input,Degree Distribution,TRUE,0.99,0.1,0,2,1,Discrete,100,1,Infectious,1,0.5,8,100,8
67,Spawn,TRUE,5,1,0.5,FALSE,Nearest-neighbor 2,Vector from input,Degree Distribution,TRUE,0.99,0.1,0,2,1,Discrete,100,1,Infectious,1,0.5,9,100,9
68,Spawn,TRUE,5,1,0.5,FALSE,Nearest-neighbor 2,Vector from input,Degree Distribution,TRUE,0.99,0.1,0,2,1,Discrete,100,1,Infectious,1,0.5,8,100,8
69,Spawn,TRUE,5,1,0.5,FALSE,Nearest-neighbor 2,Vector from input,Degree Distribution,TRUE,0.99,0.1,0,2,1,Discrete,100,1,Infectious,1,0.5,11,100,11
70,Spawn,TRUE,5,1,0.5,FALSE,Nearest-neighbor 2,Vector from input,Degree Distribution,TRUE,0.99,0.1,0,2,1,Discrete,100,1,Infectious,1,0.5,10,100,10
71,Spawn,TRUE,5,1,0.5,FALSE,Nearest-neighbor 2,Vector from input,Degree Distribution,TRUE,0.99,0.1,0,2,1,Discrete,100,1,Infectious,1,0.5,12,100,12
72,Spawn,TRUE,5,1,0.5,FALSE,Nearest-neighbor 2,Vector from input,Degree Distribution,TRUE,0.99,0.1,0,2,1,Discrete,100,1,Infectious,1,0.5,8,100,8
73,Spawn,TRUE,5,1,0.5,FALSE,Nearest-neighbor 2,Vector from input,Degree Distribution,TRUE,0.99,0.1,0,2,1,Discrete,100,1,Infectious,1,0.5,10,100,10
74,Spawn,TRUE,5,1,0.5,FALSE,Nearest-neighbor 2,Vector from input,Degree Distribution,TRUE,0.99,0.1,0,2,1,Discrete,100,1,Infectious,1,0.5,10,100,10
75,Spawn,TRUE,5,1,0.5,FALSE,Nearest-neighbor 2,Vector from input,Degree Distribution,TRUE,0.99,0.1,0,2,1,Discrete,100,1,Infectious,1,0.5,8,100,8
76,Spawn,TRUE,5,1,0.5,FALSE,Nearest-neighbor 2,Vector from input,Degree Distribution,TRUE,0.99,0.1,0,2,1,Discrete,100,1,Infectious,1,0.5,8,100,8
77,Spawn,TRUE,5,1,0.5,FALSE,Nearest-neighbor 2,Vector from input,Degree Distribution,TRUE,0.99,0.1,0,2,1,Discrete,100,1,Infectious,1,0.5,12,100,12
78,Spawn,TRUE,5,1,0.5,FALSE,Nearest-neighbor 2,Vector from input,Degree Distribution,TRUE,0.99,0.1,0,2,1,Discrete,100,1,Infectious,1,0.5,10,100,10
79,Spawn,TRUE,5,1,0.5,FALSE,Nearest-neighbor 2,Vector from input,Degree Distribution,TRUE,0.99,0.1,0,2,1,Discrete,100,1,Infectious,1,0.5,10,100,10
80,Spawn,TRUE,5,1,0.5,FALSE,Nearest-neighbor 2,Vector from input,Degree Distribution,TRUE,0.99,0.1,0,2,1,Discrete,100,1,Infectious,1,0.5,11,100,11
81,Spawn,TRUE,5,1,0.5,FALSE,Nearest-neighbor 2,Vector from input,Degree Distribution,TRUE,0.99,0.1,0,2,1,Discrete,100,1,Infectious,1,0.5,9,100,9
82,Spawn,TRUE,5,1,0.5,FALSE,Nearest-neighbor 2,Vector from input,Degree Distribution,TRUE,0.99,0.1,0,2,1,Discrete,100,1,Infectious,1,0.5,8,100,8
83,Spawn,TRUE,5,1,0.5,FALSE,Nearest-neighbor 2,Vector from input,Degree Distribution,TRUE,0.99,0.1,0,2,1,Discrete,100,1,Infectious,1,0.5,10,100,10
84,Spawn,TRUE,5,1,0.5,FALSE,Nearest-neighbor 2,Vector from input,Degree Distribution,TRUE,0.99,0.1,0,2,1,Discrete,100,1,Infectious,1,0.5,11,100,11
85,Spawn,TRUE,5,1,0.5,FALSE,Nearest-neighbor 2,Vector from input,Degree Distribution,TRUE,0.99,0.1,0,2,1,Discrete,100,1,Infectious,1,0.5,8,100,8
86,Spawn,TRUE,5,1,0.5,FALSE,Nearest-neighbor 2,Vector from input,Degree Distribution,TRUE,0.99,0.1,0,2,1,Discrete,100,1,Infectious,1,0.5,9,100,9
87,Spawn,TRUE,5,1,0.5,FALSE,Nearest-neighbor 2,Vector from input,Degree Distribution,TRUE,0.99,0.1,0,2,1,Discrete,100,1,Infectious,1,0.5,7,100,7
88,Spawn,TRUE,5,1,0.5,FALSE,Nearest-neighbor 2,Vector from input,Degree Distribution,TRUE,0.99,0.1,0,2,1,Discrete,100,1,Infectious,1,0.5,10,100,10
89,Spawn,TRUE,5,1,0.5,FALSE,Nearest-neighbor 2,Vector from input,Degree Distribution,TRUE,0.99,0.1,0,2,1,Discrete,100,1,Infectious,1,0.5,9,100,9
90,Spawn,TRUE,5,1,0.5,FALSE,Nearest-neighbor 2,Vector from input,Degree Distribution,TRUE,0.99,0.1,0,2,1,Discrete,100,1,Infectious,1,0.5,13,100,13
91,Spawn,TRUE,5,1,0.5,FALSE,Nearest-neighbor 2,Vector from input,Degree Distribution,TRUE,0.99,0.1,0,2,1,Discrete,100,1,Infectious,1,0.5,11,100,11
92,Spawn,TRUE,5,1,0.5,FALSE,Nearest-neighbor 2,Vector from input,Degree Distribution,TRUE,0.99,0.1,0,2,1,Discrete,100,1,Infectious,1,0.5,10,100,10
93,Spawn,TRUE,5,1,0.5,FALSE,Nearest-neighbor 2,Vector from input,Degree Distribution,TRUE,0.99,0.1,0,2,1,Discrete,100,1,Infectious,1,0.5,9,100,9
94,Spawn,TRUE,5,1,0.5,FALSE,Nearest-neighbor 2,Vector from input,Degree Distribution,TRUE,0.99,0.1,0,2,1,Discrete,100,1,Infectious,1,0.5,10,100,10
95,Spawn,TRUE,5,1,0.5,FALSE,Nearest-neighbor 2,Vector from input,Degree Distribution,TRUE,0.99,0.1,0,2,1,Discrete,100,1,Infectious,1,0.5,14,100,14
96,Spawn,TRUE,5,1,0.5,FALSE,Nearest-neighbor 2,Vector from input,Degree Distribution,TRUE,0.99,0.1,0,2,1,Discrete,100,1,Infectious,1,0.5,8,100,8
97,Spawn,TRUE,5,1,0.5,FALSE,Nearest-neighbor 2,Vector from input,Degree Distribution,TRUE,0.99,0.1,0,2,1,Discrete,100,1,Infectious,1,0.5,8,100,8
98,Spawn,TRUE,5,1,0.5,FALSE,Nearest-neighbor 2,Vector from input,Degree Distribution,TRUE,0.99,0.1,0,2,1,Discrete,100,1,Infectious,1,0.5,12,100,12
99,Spawn,TRUE,5,1,0.5,FALSE,Nearest-neighbor 2,Vector from input,Degree Distribution,TRUE,0.99,0.1,0,2,1,Discrete,100,1,Infectious,1,0.5,11,100,11
100,Spawn,TRUE,5,1,0.5,FALSE,Nearest-neighbor 2,Vector from input,Degree Distribution,TRUE,0.99,0.1,0,2,1,Discrete,100,1,Infectious,1,0.5,11,100,11
101,Spawn,TRUE,5,1,0.5,FALSE,Nearest-neighbor 2,Vector from input,Degree Distribution,TRUE,0.5,0.1,0,2,1,Discrete,100,1,Infectious,1,0.5,9,91,9
102,Spawn,TRUE,5,1,0.5,FALSE,Nearest-neighbor 2,Vector from input,Degree Distribution,TRUE,0.5,0.1,0,2,1,Discrete,100,1,Infectious,1,0.5,11,88,11
103,Spawn,TRUE,5,1,0.5,FALSE,Nearest-neighbor 2,Vector from input,Degree Distribution,TRUE,0.5,0.1,0,2,1,Discrete,100,1,Infectious,1,0.5,9,90,9
104,Spawn,TRUE,5,1,0.5,FALSE,Nearest-neighbor 2,Vector from input,Degree Distribution,TRUE,0.5,0.1,0,2,1,Discrete,100,1,Infectious,1,0.5,13,96,13
105,Spawn,TRUE,5,1,0.5,FALSE,Nearest-neighbor 2,Vector from input,Degree Distribution,TRUE,0.5,0.1,0,2,1,Discrete,100,1,Infectious,1,0.5,10,92,10
106,Spawn,TRUE,5,1,0.5,FALSE,Nearest-neighbor 2,Vector from input,Degree Distribution,TRUE,0.5,0.1,0,2,1,Discrete,100,1,Infectious,1,0.5,12,95,12
107,Spawn,TRUE,5,1,0.5,FALSE,Nearest-neighbor 2,Vector from input,Degree Distribution,TRUE,0.5,0.1,0,2,1,Discrete,100,1,Infectious,1,0.5,14,95,14
108,Spawn,TRUE,5,1,0.5,FALSE,Nearest-neighbor 2,Vector from input,Degree Distribution,TRUE,0.5,0.1,0,2,1,Discrete,100,1,Infectious,1,0.5,11,95,11
109,Spawn,TRUE,5,1,0.5,FALSE,Nearest-neighbor 2,Vector from input,Degree Distribution,TRUE,0.5,0.1,0,2,1,Discrete,100,1,Infectious,1,0.5,14,98,14
110,Spawn,TRUE,5,1,0.5,FALSE,Nearest-neighbor 2,Vector from input,Degree Distribution,TRUE,0.5,0.1,0,2,1,Discrete,100,1,Infectious,1,0.5,12,98,12
111,Spawn,TRUE,5,1,0.5,FALSE,Nearest-neighbor 2,Vector from input,Degree Distribution,TRUE,0.5,0.1,0,2,1,Discrete,100,1,Infectious,1,0.5,9,96,9
112,Spawn,TRUE,5,1,0.5,FALSE,Nearest-neighbor 2,Vector from input,Degree Distribution,TRUE,0.5,0.1,0,2,1,Discrete,100,1,Infectious,1,0.5,15,96,15
113,Spawn,TRUE,5,1,0.5,FALSE,Nearest-neighbor 2,Vector from input,Degree Distribution,TRUE,0.5,0.1,0,2,1,Discrete,100,1,Infectious,1,0.5,12,100,12
114,Spawn,TRUE,5,1,0.5,FALSE,Nearest-neighbor 2,Vector from input,Degree Distribution,TRUE,0.5,0.1,0,2,1,Discrete,100,1,Infectious,1,0.5,11,92,11
115,Spawn,TRUE,5,1,0.5,FALSE,Nearest-neighbor 2,Vector from input,Degree Distribution,TRUE,0.5,0.1,0,2,1,Discrete,100,1,Infectious,1,0.5,10,94,10
116,Spawn,TRUE,5,1,0.5,FALSE,Nearest-neighbor 2,Vector from input,Degree Distribution,TRUE,0.5,0.1,0,2,1,Discrete,100,1,Infectious,1,0.5,11,100,11
117,Spawn,TRUE,5,1,0.5,FALSE,Nearest-neighbor 2,Vector from input,Degree Distribution,TRUE,0.5,0.1,0,2,1,Discrete,100,1,Infectious,1,0.5,13,100,13
118,Spawn,TRUE,5,1,0.5,FALSE,Nearest-neighbor 2,Vector from input,Degree Distribution,TRUE,0.5,0.1,0,2,1,Discrete,100,1,Infectious,1,0.5,12,95,12
119,Spawn,TRUE,5,1,0.5,FALSE,Nearest-neighbor 2,Vector from input,Degree Distribution,TRUE,0.5,0.1,0,2,1,Discrete,100,1,Infectious,1,0.5,11,96,11
120,Spawn,TRUE,5,1,0.5,FALSE,Nearest-neighbor 2,Vector from input,Degree Distribution,TRUE,0.5,0.1,0,2,1,Discrete,100,1,Infectious,1,0.5,12,100,12
121,Spawn,TRUE,5,1,0.5,FALSE,Nearest-neighbor 2,Vector from input,Degree Distribution,TRUE,0.5,0.1,0,2,1,Discrete,100,1,Infectious,1,0.5,16,96,16
122,Spawn,TRUE,5,1,0.5,FALSE,Nearest-neighbor 2,Vector from input,Degree Distribution,TRUE,0.5,0.1,0,2,1,Discrete,100,1,Infectious,1,0.5,10,92,10
123,Spawn,TRUE,5,1,0.5,FALSE,Nearest-neighbor 2,Vector from input,Degree Distribution,TRUE,0.5,0.1,0,2,1,Discrete,100,1,Infectious,1,0.5,12,95,12
124,Spawn,TRUE,5,1,0.5,FALSE,Nearest-neighbor 2,Vector from input,Degree Distribution,TRUE,0.5,0.1,0,2,1,Discrete,100,1,Infectious,1,0.5,17,93,17
125,Spawn,TRUE,5,1,0.5,FALSE,Nearest-neighbor 2,Vector from input,Degree Distribution,TRUE,0.5,0.1,0,2,1,Discrete,100,1,Infectious,1,0.5,13,95,13
126,Spawn,TRUE,5,1,0.5,FALSE,Nearest-neighbor 2,Vector from input,Degree Distribution,TRUE,0.5,0.1,0,2,1,Discrete,100,1,Infectious,1,0.5,11,100,11
127,Spawn,TRUE,5,1,0.5,FALSE,Nearest-neighbor 2,Vector from input,Degree Distribution,TRUE,0.5,0.1,0,2,1,Discrete,100,1,Infectious,1,0.5,8,86,8
128,Spawn,TRUE,5,1,0.5,FALSE,Nearest-neighbor 2,Vector from input,Degree Distribution,TRUE,0.5,0.1,0,2,1,Discrete,100,1,Infectious,1,0.5,10,99,10
129,Spawn,TRUE,5,1,0.5,FALSE,Nearest-neighbor 2,Vector from input,Degree Distribution,TRUE,0.5,0.1,0,2,1,Discrete,100,1,Infectious,1,0.5,11,90,11
130,Spawn,TRUE,5,1,0.5,FALSE,Nearest-neighbor 2,Vector from input,Degree Distribution,TRUE,0.5,0.1,0,2,1,Discrete,100,1,Infectious,1,0.5,7,85,7
131,Spawn,TRUE,5,1,0.5,FALSE,Nearest-neighbor 2,Vector from input,Degree Distribution,TRUE,0.5,0.1,0,2,1,Discrete,100,1,Infectious,1,0.5,13,100,13
132,Spawn,TRUE,5,1,0.5,FALSE,Nearest-neighbor 2,Vector from input,Degree Distribution,TRUE,0.5,0.1,0,2,1,Discrete,100,1,Infectious,1,0.5,18,100,18
133,Spawn,TRUE,5,1,0.5,FALSE,Nearest-neighbor 2,Vector from input,Degree Distribution,TRUE,0.5,0.1,0,2,1,Discrete,100,1,Infectious,1,0.5,6,66,6
134,Spawn,TRUE,5,1,0.5,FALSE,Nearest-neighbor 2,Vector from input,Degree Distribution,TRUE,0.5,0.1,0,2,1,Discrete,100,1,Infectious,1,0.5,11,99,11
135,Spawn,TRUE,5,1,0.5,FALSE,Nearest-neighbor 2,Vector from input,Degree Distribution,TRUE,0.5,0.1,0,2,1,Discrete,100,1,Infectious,1,0.5,9,84,9
136,Spawn,TRUE,5,1,0.5,FALSE,Nearest-neighbor 2,Vector from input,Degree Distribution,TRUE,0.5,0.1,0,2,1,Discrete,100,1,Infectious,1,0.5,18,96,18
137,Spawn,TRUE,5,1,0.5,FALSE,Nearest-neighbor 2,Vector from input,Degree Distribution,TRUE,0.5,0.1,0,2,1,Discrete,100,1,Infectious,1,0.5,10,93,10
138,Spawn,TRUE,5,1,0.5,FALSE,Nearest-neighbor 2,Vector from input,Degree Distribution,TRUE,0.5,0.1,0,2,1,Discrete,100,1,Infectious,1,0.5,11,100,11
139,Spawn,TRUE,5,1,0.5,FALSE,Nearest-neighbor 2,Vector from input,Degree Distribution,TRUE,0.5,0.1,0,2,1,Discrete,100,1,Infectious,1,0.5,19,93,19
140,Spawn,TRUE,5,1,0.5,FALSE,Nearest-neighbor 2,Vector from input,Degree Distribution,TRUE,0.5,0.1,0,2,1,Discrete,100,1,Infectious,1,0.5,11,91,11
141,Spawn,TRUE,5,1,0.5,FALSE,Nearest-neighbor 2,Vector from input,Degree Distribution,TRUE,0.5,0.1,0,2,1,Discrete,100,1,Infectious,1,0.5,11,98,11
142,Spawn,TRUE,5,1,0.5,FALSE,Nearest-neighbor 2,Vector from input,Degree Distribution,TRUE,0.5,0.1,0,2,1,Discrete,100,1,Infectious,1,0.5,11,99,11
143,Spawn,TRUE,5,1,0.5,FALSE,Nearest-neighbor 2,Vector from input,Degree Distribution,TRUE,0.5,0.1,0,2,1,Discrete,100,1,Infectious,1,0.5,16,96,16
144,Spawn,TRUE,5,1,0.5,FALSE,Nearest-neighbor 2,Vector from input,Degree Distribution,TRUE,0.5,0.1,0,2,1,Discrete,100,1,Infectious,1,0.5,15,96,15
145,Spawn,TRUE,5,1,0.5,FALSE,Nearest-neighbor 2,Vector from input,Degree Distribution,TRUE,0.5,0.1,0,2,1,Discrete,100,1,Infectious,1,0.5,15,95,15
146,Spawn,TRUE,5,1,0.5,FALSE,Nearest-neighbor 2,Vector from input,Degree Distribution,TRUE,0.5,0.1,0,2,1,Discrete,100,1,Infectious,1,0.5,11,94,11
147,Spawn,TRUE,5,1,0.5,FALSE,Nearest-neighbor 2,Vector from input,Degree Distribution,TRUE,0.5,0.1,0,2,1,Discrete,100,1,Infectious,1,0.5,12,96,12
148,Spawn,TRUE,5,1,0.5,FALSE,Nearest-neighbor 2,Vector from input,Degree Distribution,TRUE,0.5,0.1,0,2,1,Discrete,100,1,Infectious,1,0.5,13,90,13
149,Spawn,TRUE,5,1,0.5,FALSE,Nearest-neighbor 2,Vector from input,Degree Distribution,TRUE,0.5,0.1,0,2,1,Discrete,100,1,Infectious,1,0.5,12,97,12
150,Spawn,TRUE,5,1,0.5,FALSE,Nearest-neighbor 2,Vector from input,Degree Distribution,TRUE,0.5,0.1,0,2,1,Discrete,100,1,Infectious,1,0.5,9,86,9
151,Spawn,TRUE,5,1,0.5,FALSE,Nearest-neighbor 2,Vector from input,Degree Distribution,TRUE,0.5,0.1,0,2,1,Discrete,100,1,Infectious,1,0.5,11,96,11
152,Spawn,TRUE,5,1,0.5,FALSE,Nearest-neighbor 2,Vector from input,Degree Distribution,TRUE,0.5,0.1,0,2,1,Discrete,100,1,Infectious,1,0.5,12,97,12
153,Spawn,TRUE,5,1,0.5,FALSE,Nearest-neighbor 2,Vector from input,Degree Distribution,TRUE,0.5,0.1,0,2,1,Discrete,100,1,Infectious,1,0.5,13,91,13
154,Spawn,TRUE,5,1,0.5,FALSE,Nearest-neighbor 2,Vector from input,Degree Distribution,TRUE,0.5,0.1,0,2,1,Discrete,100,1,Infectious,1,0.5,8,79,8
155,Spawn,TRUE,5,1,0.5,FALSE,Nearest-neighbor 2,Vector from input,Degree Distribution,TRUE,0.5,0.1,0,2,1,Discrete,100,1,Infectious,1,0.5,10,93,10
156,Spawn,TRUE,5,1,0.5,FALSE,Nearest-neighbor 2,Vector from input,Degree Distribution,TRUE,0.5,0.1,0,2,1,Discrete,100,1,Infectious,1,0.5,12,89,12
157,Spawn,TRUE,5,1,0.5,FALSE,Nearest-neighbor 2,Vector from input,Degree Distribution,TRUE,0.5,0.1,0,2,1,Discrete,100,1,Infectious,1,0.5,12,93,12
158,Spawn,TRUE,5,1,0.5,FALSE,Nearest-neighbor 2,Vector from input,Degree Distribution,TRUE,0.5,0.1,0,2,1,Discrete,100,1,Infectious,1,0.5,13,99,13
159,Spawn,TRUE,5,1,0.5,FALSE,Nearest-neighbor 2,Vector from input,Degree Distribution,TRUE,0.5,0.1,0,2,1,Discrete,100,1,Infectious,1,0.5,13,97,13
160,Spawn,TRUE,5,1,0.5,FALSE,Nearest-neighbor 2,Vector from input,Degree Distribution,TRUE,0.5,0.1,0,2,1,Discrete,100,1,Infectious,1,0.5,7,96,7
161,Spawn,TRUE,5,1,0.5,FALSE,Nearest-neighbor 2,Vector from input,Degree Distribution,TRUE,0.5,0.1,0,2,1,Discrete,100,1,Infectious,1,0.5,11,97,11
162,Spawn,TRUE,5,1,0.5,FALSE,Nearest-neighbor 2,Vector from input,Degree Distribution,TRUE,0.5,0.1,0,2,1,Discrete,100,1,Infectious,1,0.5,9,94,9
163,Spawn,TRUE,5,1,0.5,FALSE,Nearest-neighbor 2,Vector from input,Degree Distribution,TRUE,0.5,0.1,0,2,1,Discrete,100,1,Infectious,1,0.5,14,88,14
164,Spawn,TRUE,5,1,0.5,FALSE,Nearest-neighbor 2,Vector from input,Degree Distribution,TRUE,0.5,0.1,0,2,1,Discrete,100,1,Infectious,1,0.5,15,99,15
165,Spawn,TRUE,5,1,0.5,FALSE,Nearest-neighbor 2,Vector from input,Degree Distribution,TRUE,0.5,0.1,0,2,1,Discrete,100,1,Infectious,1,0.5,8,82,8
166,Spawn,TRUE,5,1,0.5,FALSE,Nearest-neighbor 2,Vector from input,Degree Distribution,TRUE,0.5,0.1,0,2,1,Discrete,100,1,Infectious,1,0.5,14,94,14
167,Spawn,TRUE,5,1,0.5,FALSE,Nearest-neighbor 2,Vector from input,Degree Distribution,TRUE,0.5,0.1,0,2,1,Discrete,100,1,Infectious,1,0.5,16,90,16
168,Spawn,TRUE,5,1,0.5,FALSE,Nearest-neighbor 2,Vector from input,Degree Distribution,TRUE,0.5,0.1,0,2,1,Discrete,100,1,Infectious,1,0.5,13,96,13
169,Spawn,TRUE,5,1,0.5,FALSE,Nearest-neighbor 2,Vector from input,Degree Distribution,TRUE,0.5,0.1,0,2,1,Discrete,100,1,Infectious,1,0.5,16,100,16
170,Spawn,TRUE,5,1,0.5,FALSE,Nearest-neighbor 2,Vector from input,Degree Distribution,TRUE,0.5,0.1,0,2,1,Discrete,100,1,Infectious,1,0.5,12,91,12
171,Spawn,TRUE,5,1,0.5,FALSE,Nearest-neighbor 2,Vector from input,Degree Distribution,TRUE,0.5,0.1,0,2,1,Discrete,100,1,Infectious,1,0.5,14,98,14
172,Spawn,TRUE,5,1,0.5,FALSE,Nearest-neighbor 2,Vector from input,Degree Distribution,TRUE,0.5,0.1,0,2,1,Discrete,100,1,Infectious,1,0.5,12,89,12
173,Spawn,TRUE,5,1,0.5,FALSE,Nearest-neighbor 2,Vector from input,Degree Distribution,TRUE,0.5,0.1,0,2,1,Discrete,100,1,Infectious,1,0.5,19,100,19
174,Spawn,TRUE,5,1,0.5,FALSE,Nearest-neighbor 2,Vector from input,Degree Distribution,TRUE,0.5,0.1,0,2,1,Discrete,100,1,Infectious,1,0.5,9,84,9
175,Spawn,TRUE,5,1,0.5,FALSE,Nearest-neighbor 2,Vector from input,Degree Distribution,TRUE,0.5,0.1,0,2,1,Discrete,100,1,Infectious,1,0.5,14,87,14
176,Spawn,TRUE,5,1,0.5,FALSE,Nearest-neighbor 2,Vector from input,Degree Distribution,TRUE,0.5,0.1,0,2,1,Discrete,100,1,Infectious,1,0.5,14,88,14
177,Spawn,TRUE,5,1,0.5,FALSE,Nearest-neighbor 2,Vector from input,Degree Distribution,TRUE,0.5,0.1,0,2,1,Discrete,100,1,Infectious,1,0.5,10,98,10
178,Spawn,TRUE,5,1,0.5,FALSE,Nearest-neighbor 2,Vector from input,Degree Distribution,TRUE,0.5,0.1,0,2,1,Discrete,100,1,Infectious,1,0.5,15,96,15
179,Spawn,TRUE,5,1,0.5,FALSE,Nearest-neighbor 2,Vector from input,Degree Distribution,TRUE,0.5,0.1,0,2,1,Discrete,100,1,Infectious,1,0.5,15,94,15
180,Spawn,TRUE,5,1,0.5,FALSE,Nearest-neighbor 2,Vector from input,Degree Distribution,TRUE,0.5,0.1,0,2,1,Discrete,100,1,Infectious,1,0.5,17,96,17
181,Spawn,TRUE,5,1,0.5,FALSE,Nearest-neighbor 2,Vector from input,Degree Distribution,TRUE,0.5,0.1,0,2,1,Discrete,100,1,Infectious,1,0.5,13,96,13
182,Spawn,TRUE,5,1,0.5,FALSE,Nearest-neighbor 2,Vector from input,Degree Distribution,TRUE,0.5,0.1,0,2,1,Discrete,100,1,Infectious,1,0.5,9,82,9
183,Spawn,TRUE,5,1,0.5,FALSE,Nearest-neighbor 2,Vector from input,Degree Distribution,TRUE,0.5,0.1,0,2,1,Discrete,100,1,Infectious,1,0.5,11,90,11
184,Spawn,TRUE,5,1,0.5,FALSE,Nearest-neighbor 2,Vector from input,Degree Distribution,TRUE,0.5,0.1,0,2,1,Discrete,100,1,Infectious,1,0.5,9,92,9
185,Spawn,TRUE,5,1,0.5,FALSE,Nearest-neighbor 2,Vector from input,Degree Distribution,TRUE,0.5,0.1,0,2,1,Discrete,100,1,Infectious,1,0.5,14,90,14
186,Spawn,TRUE,5,1,0.5,FALSE,Nearest-neighbor 2,Vector from input,Degree Distribution,TRUE,0.5,0.1,0,2,1,Discrete,100,1,Infectious,1,0.5,10,95,10
187,Spawn,TRUE,5,1,0.5,FALSE,Nearest-neighbor 2,Vector from input,Degree Distribution,TRUE,0.5,0.1,0,2,1,Discrete,100,1,Infectious,1,0.5,12,91,12
188,Spawn,TRUE,5,1,0.5,FALSE,Nearest-neighbor 2,Vector from input,Degree Distribution,TRUE,0.5,0.1,0,2,1,Discrete,100,1,Infectious,1,0.5,11,92,11
189,Spawn,TRUE,5,1,0.5,FALSE,Nearest-neighbor 2,Vector from input,Degree Distribution,TRUE,0.5,0.1,0,2,1,Discrete,100,1,Infectious,1,0.5,9,93,9
190,Spawn,TRUE,5,1,0.5,FALSE,Nearest-neighbor 2,Vector from input,Degree Distribution,TRUE,0.5,0.1,0,2,1,Discrete,100,1,Infectious,1,0.5,14,96,14
191,Spawn,TRUE,5,1,0.5,FALSE,Nearest-neighbor 2,Vector from input,Degree Distribution,TRUE,0.5,0.1,0,2,1,Discrete,100,1,Infectious,1,0.5,15,100,15
192,Spawn,TRUE,5,1,0.5,FALSE,Nearest-neighbor 2,Vector from input,Degree Distribution,TRUE,0.5,0.1,0,2,1,Discrete,100,1,Infectious,1,0.5,17,93,17
193,Spawn,TRUE,5,1,0.5,FALSE,Nearest-neighbor 2,Vector from input,Degree Distribution,TRUE,0.5,0.1,0,2,1,Discrete,100,1,Infectious,1,0.5,11,88,11
194,Spawn,TRUE,5,1,0.5,FALSE,Nearest-neighbor 2,Vector from input,Degree Distribution,TRUE,0.5,0.1,0,2,1,Discrete,100,1,Infectious,1,0.5,13,99,13
195,Spawn,TRUE,5,1,0.5,FALSE,Nearest-neighbor 2,Vector from input,Degree Distribution,TRUE,0.5,0.1,0,2,1,Discrete,100,1,Infectious,1,0.5,7,93,7
196,Spawn,TRUE,5,1,0.5,FALSE,Nearest-neighbor 2,Vector from input,Degree Distribution,TRUE,0.5,0.1,0,2,1,Discrete,100,1,Infectious,1,0.5,16,94,16
197,Spawn,TRUE,5,1,0.5,FALSE,Nearest-neighbor 2,Vector from input,Degree Distribution,TRUE,0.5,0.1,0,2,1,Discrete,100,1,Infectious,1,0.5,12,91,12
198,Spawn,TRUE,5,1,0.5,FALSE,Nearest-neighbor 2,Vector from input,Degree Distribution,TRUE,0.5,0.1,0,2,1,Discrete,100,1,Infectious,1,0.5,9,95,9
199,Spawn,TRUE,5,1,0.5,FALSE,Nearest-neighbor 2,Vector from input,Degree Distribution,TRUE,0.5,0.1,0,2,1,Discrete,100,1,Infectious,1,0.5,14,98,14
200,Spawn,TRUE,5,1,0.5,FALSE,Nearest-neighbor 2,Vector from input,Degree Distribution,TRUE,0.5,0.1,0,2,1,Discrete,100,1,Infectious,1,0.5,9,82,9
201,Spawn,TRUE,5,1,0.5,FALSE,Nearest-neighbor 2,Vector from input,Degree Distribution,TRUE,0.01,0.1,0,2,1,Discrete,100,1,Infectious,1,0.5,2,58,2
202,Spawn,TRUE,5,1,0.5,FALSE,Nearest-neighbor 2,Vector from input,Degree Distribution,TRUE,0.01,0.1,0,2,1,Discrete,100,1,Infectious,1,0.5,8,58,8
203,Spawn,TRUE,5,1,0.5,FALSE,Nearest-neighbor 2,Vector from input,Degree Distribution,TRUE,0.01,0.1,0,2,1,Discrete,100,1,Infectious,1,0.5,4,58,4
204,Spawn,TRUE,5,1,0.5,FALSE,Nearest-neighbor 2,Vector from input,Degree Distribution,TRUE,0.01,0.1,0,2,1,Discrete,100,1,Infectious,1,0.5,4,58,4
205,Spawn,TRUE,5,1,0.5,FALSE,Nearest-neighbor 2,Vector from input,Degree Distribution,TRUE,0.01,0.1,0,2,1,Discrete,100,1,Infectious,1,0.5,6,58,6
206,Spawn,TRUE,5,1,0.5,FALSE,Nearest-neighbor 2,Vector from input,Degree Distribution,TRUE,0.01,0.1,0,2,1,Discrete,100,1,Infectious,1,0.5,6,58,6
207,Spawn,TRUE,5,1,0.5,FALSE,Nearest-neighbor 2,Vector from input,Degree Distribution,TRUE,0.01,0.1,0,2,1,Discrete,100,1,Infectious,1,0.5,5,58,5
208,Spawn,TRUE,5,1,0.5,FALSE,Nearest-neighbor 2,Vector from input,Degree Distribution,TRUE,0.01,0.1,0,2,1,Discrete,100,1,Infectious,1,0.5,6,58,6
209,Spawn,TRUE,5,1,0.5,FALSE,Nearest-neighbor 2,Vector from input,Degree Distribution,TRUE,0.01,0.1,0,2,1,Discrete,100,1,Infectious,1,0.5,4,58,4
210,Spawn,TRUE,5,1,0.5,FALSE,Nearest-neighbor 2,Vector from input,Degree Distribution,TRUE,0.01,0.1,0,2,1,Discrete,100,1,Infectious,1,0.5,5,60,5
211,Spawn,TRUE,5,1,0.5,FALSE,Nearest-neighbor 2,Vector from input,Degree Distribution,TRUE,0.01,0.1,0,2,1,Discrete,100,1,Infectious,1,0.5,5,59,5
212,Spawn,TRUE,5,1,0.5,FALSE,Nearest-neighbor 2,Vector from input,Degree Distribution,TRUE,0.01,0.1,0,2,1,Discrete,100,1,Infectious,1,0.5,6,59,6
213,Spawn,TRUE,5,1,0.5,FALSE,Nearest-neighbor 2,Vector from input,Degree Distribution,TRUE,0.01,0.1,0,2,1,Discrete,100,1,Infectious,1,0.5,2,58,2
214,Spawn,TRUE,5,1,0.5,FALSE,Nearest-neighbor 2,Vector from input,Degree Distribution,TRUE,0.01,0.1,0,2,1,Discrete,100,1,Infectious,1,0.5,5,60,5
215,Spawn,TRUE,5,1,0.5,FALSE,Nearest-neighbor 2,Vector from input,Degree Distribution,TRUE,0.01,0.1,0,2,1,Discrete,100,1,Infectious,1,0.5,8,58,8
216,Spawn,TRUE,5,1,0.5,FALSE,Nearest-neighbor 2,Vector from input,Degree Distribution,TRUE,0.01,0.1,0,2,1,Discrete,100,1,Infectious,1,0.5,3,58,3
217,Spawn,TRUE,5,1,0.5,FALSE,Nearest-neighbor 2,Vector from input,Degree Distribution,TRUE,0.01,0.1,0,2,1,Discrete,100,1,Infectious,1,0.5,4,58,4
218,Spawn,TRUE,5,1,0.5,FALSE,Nearest-neighbor 2,Vector from input,Degree Distribution,TRUE,0.01,0.1,0,2,1,Discrete,100,1,Infectious,1,0.5,2,59,2
219,Spawn,TRUE,5,1,0.5,FALSE,Nearest-neighbor 2,Vector from input,Degree Distribution,TRUE,0.01,0.1,0,2,1,Discrete,100,1,Infectious,1,0.5,3,58,3
220,Spawn,TRUE,5,1,0.5,FALSE,Nearest-neighbor 2,Vector from input,Degree Distribution,TRUE,0.01,0.1,0,2,1,Discrete,100,1,Infectious,1,0.5,6,58,6
221,Spawn,TRUE,5,1,0.5,FALSE,Nearest-neighbor 2,Vector from input,Degree Distribution,TRUE,0.01,0.1,0,2,1,Discrete,100,1,Infectious,1,0.5,8,59,8
222,Spawn,TRUE,5,1,0.5,FALSE,Nearest-neighbor 2,Vector from input,Degree Distribution,TRUE,0.01,0.1,0,2,1,Discrete,100,1,Infectious,1,0.5,5,58,5
223,Spawn,TRUE,5,1,0.5,FALSE,Nearest-neighbor 2,Vector from input,Degree Distribution,TRUE,0.01,0.1,0,2,1,Discrete,100,1,Infectious,1,0.5,6,58,6
224,Spawn,TRUE,5,1,0.5,FALSE,Nearest-neighbor 2,Vector from input,Degree Distribution,TRUE,0.01,0.1,0,2,1,Discrete,100,1,Infectious,1,0.5,4,58,4
225,Spawn,TRUE,5,1,0.5,FALSE,Nearest-neighbor 2,Vector from input,Degree Distribution,TRUE,0.01,0.1,0,2,1,Discrete,100,1,Infectious,1,0.5,5,60,5
226,Spawn,TRUE,5,1,0.5,FALSE,Nearest-neighbor 2,Vector from input,Degree Distribution,TRUE,0.01,0.1,0,2,1,Discrete,100,1,Infectious,1,0.5,6,58,6
227,Spawn,TRUE,5,1,0.5,FALSE,Nearest-neighbor 2,Vector from input,Degree Distribution,TRUE,0.01,0.1,0,2,1,Discrete,100,1,Infectious,1,0.5,10,58,10
228,Spawn,TRUE,5,1,0.5,FALSE,Nearest-neighbor 2,Vector from input,Degree Distribution,TRUE,0.01,0.1,0,2,1,Discrete,100,1,Infectious,1,0.5,5,58,5
229,Spawn,TRUE,5,1,0.5,FALSE,Nearest-neighbor 2,Vector from input,Degree Distribution,TRUE,0.01,0.1,0,2,1,Discrete,100,1,Infectious,1,0.5,7,58,7
230,Spawn,TRUE,5,1,0.5,FALSE,Nearest-neighbor 2,Vector from input,Degree Distribution,TRUE,0.01,0.1,0,2,1,Discrete,100,1,Infectious,1,0.5,5,58,5
231,Spawn,TRUE,5,1,0.5,FALSE,Nearest-neighbor 2,Vector from input,Degree Distribution,TRUE,0.01,0.1,0,2,1,Discrete,100,1,Infectious,1,0.5,2,58,2
232,Spawn,TRUE,5,1,0.5,FALSE,Nearest-neighbor 2,Vector from input,Degree Distribution,TRUE,0.01,0.1,0,2,1,Discrete,100,1,Infectious,1,0.5,5,59,5
233,Spawn,TRUE,5,1,0.5,FALSE,Nearest-neighbor 2,Vector from input,Degree Distribution,TRUE,0.01,0.1,0,2,1,Discrete,100,1,Infectious,1,0.5,5,59,5
234,Spawn,TRUE,5,1,0.5,FALSE,Nearest-neighbor 2,Vector from input,Degree Distribution,TRUE,0.01,0.1,0,2,1,Discrete,100,1,Infectious,1,0.5,3,58,3
235,Spawn,TRUE,5,1,0.5,FALSE,Nearest-neighbor 2,Vector from input,Degree Distribution,TRUE,0.01,0.1,0,2,1,Discrete,100,1,Infectious,1,0.5,4,58,4
236,Spawn,TRUE,5,1,0.5,FALSE,Nearest-neighbor 2,Vector from input,Degree Distribution,TRUE,0.01,0.1,0,2,1,Discrete,100,1,Infectious,1,0.5,6,60,6
237,Spawn,TRUE,5,1,0.5,FALSE,Nearest-neighbor 2,Vector from input,Degree Distribution,TRUE,0.01,0.1,0,2,1,Discrete,100,1,Infectious,1,0.5,3,58,3
238,Spawn,TRUE,5,1,0.5,FALSE,Nearest-neighbor 2,Vector from input,Degree Distribution,TRUE,0.01,0.1,0,2,1,Discrete,100,1,Infectious,1,0.5,4,59,4
239,Spawn,TRUE,5,1,0.5,FALSE,Nearest-neighbor 2,Vector from input,Degree Distribution,TRUE,0.01,0.1,0,2,1,Discrete,100,1,Infectious,1,0.5,6,59,6
240,Spawn,TRUE,5,1,0.5,FALSE,Nearest-neighbor 2,Vector from input,Degree Distribution,TRUE,0.01,0.1,0,2,1,Discrete,100,1,Infectious,1,0.5,7,59,7
241,Spawn,TRUE,5,1,0.5,FALSE,Nearest-neighbor 2,Vector from input,Degree Distribution,TRUE,0.01,0.1,0,2,1,Discrete,100,1,Infectious,1,0.5,5,59,5
242,Spawn,TRUE,5,1,0.5,FALSE,Nearest-neighbor 2,Vector from input,Degree Distribution,TRUE,0.01,0.1,0,2,1,Discrete,100,1,Infectious,1,0.5,4,58,4
243,Spawn,TRUE,5,1,0.5,FALSE,Nearest-neighbor 2,Vector from input,Degree Distribution,TRUE,0.01,0.1,0,2,1,Discrete,100,1,Infectious,1,0.5,4,59,4
244,Spawn,TRUE,5,1,0.5,FALSE,Nearest-neighbor 2,Vector from input,Degree Distribution,TRUE,0.01,0.1,0,2,1,Discrete,100,1,Infectious,1,0.5,7,59,7
245,Spawn,TRUE,5,1,0.5,FALSE,Nearest-neighbor 2,Vector from input,Degree Distribution,TRUE,0.01,0.1,0,2,1,Discrete,100,1,Infectious,1,0.5,2,58,2
246,Spawn,TRUE,5,1,0.5,FALSE,Nearest-neighbor 2,Vector from input,Degree Distribution,TRUE,0.01,0.1,0,2,1,Discrete,100,1,Infectious,1,0.5,3,58,3
247,Spawn,TRUE,5,1,0.5,FALSE,Nearest-neighbor 2,Vector from input,Degree Distribution,TRUE,0.01,0.1,0,2,1,Discrete,100,1,Infectious,1,0.5,5,59,5
248,Spawn,TRUE,5,1,0.5,FALSE,Nearest-neighbor 2,Vector from input,Degree Distribution,TRUE,0.01,0.1,0,2,1,Discrete,100,1,Infectious,1,0.5,5,58,5
249,Spawn,TRUE,5,1,0.5,FALSE,Nearest-neighbor 2,Vector from input,Degree Distribution,TRUE,0.01,0.1,0,2,1,Discrete,100,1,Infectious,1,0.5,6,59,6
250,Spawn,TRUE,5,1,0.5,FALSE,Nearest-neighbor 2,Vector from input,Degree Distribution,TRUE,0.01,0.1,0,2,1,Discrete,100,1,Infectious,1,0.5,9,58,9
251,Spawn,TRUE,5,1,0.5,FALSE,Nearest-neighbor 2,Vector from input,Degree Distribution,TRUE,0.01,0.1,0,2,1,Discrete,100,1,Infectious,1,0.5,4,58,4
252,Spawn,TRUE,5,1,0.5,FALSE,Nearest-neighbor 2,Vector from input,Degree Distribution,TRUE,0.01,0.1,0,2,1,Discrete,100,1,Infectious,1,0.5,5,59,5
253,Spawn,TRUE,5,1,0.5,FALSE,Nearest-neighbor 2,Vector from input,Degree Distribution,TRUE,0.01,0.1,0,2,1,Discrete,100,1,Infectious,1,0.5,7,58,7
254,Spawn,TRUE,5,1,0.5,FALSE,Nearest-neighbor 2,Vector from input,Degree Distribution,TRUE,0.01,0.1,0,2,1,Discrete,100,1,Infectious,1,0.5,5,58,5
255,Spawn,TRUE,5,1,0.5,FALSE,Nearest-neighbor 2,Vector from input,Degree Distribution,TRUE,0.01,0.1,0,2,1,Discrete,100,1,Infectious,1,0.5,5,58,5
256,Spawn,TRUE,5,1,0.5,FALSE,Nearest-neighbor 2,Vector from input,Degree Distribution,TRUE,0.01,0.1,0,2,1,Discrete,100,1,Infectious,1,0.5,5,60,5
257,Spawn,TRUE,5,1,0.5,FALSE,Nearest-neighbor 2,Vector from input,Degree Distribution,TRUE,0.01,0.1,0,2,1,Discrete,100,1,Infectious,1,0.5,6,59,6
258,Spawn,TRUE,5,1,0.5,FALSE,Nearest-neighbor 2,Vector from input,Degree Distribution,TRUE,0.01,0.1,0,2,1,Discrete,100,1,Infectious,1,0.5,3,59,3
259,Spawn,TRUE,5,1,0.5,FALSE,Nearest-neighbor 2,Vector from input,Degree Distribution,TRUE,0.01,0.1,0,2,1,Discrete,100,1,Infectious,1,0.5,7,58,7
260,Spawn,TRUE,5,1,0.5,FALSE,Nearest-neighbor 2,Vector from input,Degree Distribution,TRUE,0.01,0.1,0,2,1,Discrete,100,1,Infectious,1,0.5,4,58,4
261,Spawn,TRUE,5,1,0.5,FALSE,Nearest-neighbor 2,Vector from input,Degree Distribution,TRUE,0.01,0.1,0,2,1,Discrete,100,1,Infectious,1,0.5,5,60,5
262,Spawn,TRUE,5,1,0.5,FALSE,Nearest-neighbor 2,Vector from input,Degree Distribution,TRUE,0.01,0.1,0,2,1,Discrete,100,1,Infectious,1,0.5,3,58,3
263,Spawn,TRUE,5,1,0.5,FALSE,Nearest-neighbor 2,Vector from input,Degree Distribution,TRUE,0.01,0.1,0,2,1,Discrete,100,1,Infectious,1,0.5,5,58,5
264,Spawn,TRUE,5,1,0.5,FALSE,Nearest-neighbor 2,Vector from input,Degree Distribution,TRUE,0.01,0.1,0,2,1,Discrete,100,1,Infectious,1,0.5,3,58,3
265,Spawn,TRUE,5,1,0.5,FALSE,Nearest-neighbor 2,Vector from input,Degree Distribution,TRUE,0.01,0.1,0,2,1,Discrete,100,1,Infectious,1,0.5,6,60,6
266,Spawn,TRUE,5,1,0.5,FALSE,Nearest-neighbor 2,Vector from input,Degree Distribution,TRUE,0.01,0.1,0,2,1,Discrete,100,1,Infectious,1,0.5,5,58,5
267,Spawn,TRUE,5,1,0.5,FALSE,Nearest-neighbor 2,Vector from input,Degree Distribution,TRUE,0.01,0.1,0,2,1,Discrete,100,1,Infectious,1,0.5,4,59,4
268,Spawn,TRUE,5,1,0.5,FALSE,Nearest-neighbor 2,Vector from input,Degree Distribution,TRUE,0.01,0.1,0,2,1,Discrete,100,1,Infectious,1,0.5,4,58,4
269,Spawn,TRUE,5,1,0.5,FALSE,Nearest-neighbor 2,Vector from input,Degree Distribution,TRUE,0.01,0.1,0,2,1,Discrete,100,1,Infectious,1,0.5,4,58,4
270,Spawn,TRUE,5,1,0.5,FALSE,Nearest-neighbor 2,Vector from input,Degree Distribution,TRUE,0.01,0.1,0,2,1,Discrete,100,1,Infectious,1,0.5,5,60,5
271,Spawn,TRUE,5,1,0.5,FALSE,Nearest-neighbor 2,Vector from input,Degree Distribution,TRUE,0.01,0.1,0,2,1,Discrete,100,1,Infectious,1,0.5,8,60,8
272,Spawn,TRUE,5,1,0.5,FALSE,Nearest-neighbor 2,Vector from input,Degree Distribution,TRUE,0.01,0.1,0,2,1,Discrete,100,1,Infectious,1,0.5,4,58,4
273,Spawn,TRUE,5,1,0.5,FALSE,Nearest-neighbor 2,Vector from input,Degree Distribution,TRUE,0.01,0.1,0,2,1,Discrete,100,1,Infectious,1,0.5,5,58,5
274,Spawn,TRUE,5,1,0.5,FALSE,Nearest-neighbor 2,Vector from input,Degree Distribution,TRUE,0.01,0.1,0,2,1,Discrete,100,1,Infectious,1,0.5,3,58,3
275,Spawn,TRUE,5,1,0.5,FALSE,Nearest-neighbor 2,Vector from input,Degree Distribution,TRUE,0.01,0.1,0,2,1,Discrete,100,1,Infectious,1,0.5,3,58,3
276,Spawn,TRUE,5,1,0.5,FALSE,Nearest-neighbor 2,Vector from input,Degree Distribution,TRUE,0.01,0.1,0,2,1,Discrete,100,1,Infectious,1,0.5,3,58,3
277,Spawn,TRUE,5,1,0.5,FALSE,Nearest-neighbor 2,Vector from input,Degree Distribution,TRUE,0.01,0.1,0,2,1,Discrete,100,1,Infectious,1,0.5,4,58,4
278,Spawn,TRUE,5,1,0.5,FALSE,Nearest-neighbor 2,Vector from input,Degree Distribution,TRUE,0.01,0.1,0,2,1,Discrete,100,1,Infectious,1,0.5,3,58,3
279,Spawn,TRUE,5,1,0.5,FALSE,Nearest-neighbor 2,Vector from input,Degree Distribution,TRUE,0.01,0.1,0,2,1,Discrete,100,1,Infectious,1,0.5,7,58,7
280,Spawn,TRUE,5,1,0.5,FALSE,Nearest-neighbor 2,Vector from input,Degree Distribution,TRUE,0.01,0.1,0,2,1,Discrete,100,1,Infectious,1,0.5,3,58,3
281,Spawn,TRUE,5,1,0.5,FALSE,Nearest-neighbor 2,Vector from input,Degree Distribution,TRUE,0.01,0.1,0,2,1,Discrete,100,1,Infectious,1,0.5,3,58,3
282,Spawn,TRUE,5,1,0.5,FALSE,Nearest-neighbor 2,Vector from input,Degree Distribution,TRUE,0.01,0.1,0,2,1,Discrete,100,1,Infectious,1,0.5,5,59,5
283,Spawn,TRUE,5,1,0.5,FALSE,Nearest-neighbor 2,Vector from input,Degree Distribution,TRUE,0.01,0.1,0,2,1,Discrete,100,1,Infectious,1,0.5,6,58,6
284,Spawn,TRUE,5,1,0.5,FALSE,Nearest-neighbor 2,Vector from input,Degree Distribution,TRUE,0.01,0.1,0,2,1,Discrete,100,1,Infectious,1,0.5,3,58,3
285,Spawn,TRUE,5,1,0.5,FALSE,Nearest-neighbor 2,Vector from input,Degree Distribution,TRUE,0.01,0.1,0,2,1,Discrete,100,1,Infectious,1,0.5,4,59,4
286,Spawn,TRUE,5,1,0.5,FALSE,Nearest-neighbor 2,Vector from input,Degree Distribution,TRUE,0.01,0.1,0,2,1,Discrete,100,1,Infectious,1,0.5,4,58,4
287,Spawn,TRUE,5,1,0.5,FALSE,Nearest-neighbor 2,Vector from input,Degree Distribution,TRUE,0.01,0.1,0,2,1,Discrete,100,1,Infectious,1,0.5,5,58,5
288,Spawn,TRUE,5,1,0.5,FALSE,Nearest-neighbor 2,Vector from input,Degree Distribution,TRUE,0.01,0.1,0,2,1,Discrete,100,1,Infectious,1,0.5,3,58,3
289,Spawn,TRUE,5,1,0.5,FALSE,Nearest-neighbor 2,Vector from input,Degree Distribution,TRUE,0.01,0.1,0,2,1,Discrete,100,1,Infectious,1,0.5,4,59,4
290,Spawn,TRUE,5,1,0.5,FALSE,Nearest-neighbor 2,Vector from input,Degree Distribution,TRUE,0.01,0.1,0,2,1,Discrete,100,1,Infectious,1,0.5,4,58,4
291,Spawn,TRUE,5,1,0.5,FALSE,Nearest-neighbor 2,Vector from input,Degree Distribution,TRUE,0.01,0.1,0,2,1,Discrete,100,1,Infectious,1,0.5,5,58,5
292,Spawn,TRUE,5,1,0.5,FALSE,Nearest-neighbor 2,Vector from input,Degree Distribution,TRUE,0.01,0.1,0,2,1,Discrete,100,1,Infectious,1,0.5,4,58,4
293,Spawn,TRUE,5,1,0.5,FALSE,Nearest-neighbor 2,Vector from input,Degree Distribution,TRUE,0.01,0.1,0,2,1,Discrete,100,1,Infectious,1,0.5,10,60,10
294,Spawn,TRUE,5,1,0.5,FALSE,Nearest-neighbor 2,Vector from input,Degree Distribution,TRUE,0.01,0.1,0,2,1,Discrete,100,1,Infectious,1,0.5,3,58,3
295,Spawn,TRUE,5,1,0.5,FALSE,Nearest-neighbor 2,Vector from input,Degree Distribution,TRUE,0.01,0.1,0,2,1,Discrete,100,1,Infectious,1,0.5,5,59,5
296,Spawn,TRUE,5,1,0.5,FALSE,Nearest-neighbor 2,Vector from input,Degree Distribution,TRUE,0.01,0.1,0,2,1,Discrete,100,1,Infectious,1,0.5,4,58,4
297,Spawn,TRUE,5,1,0.5,FALSE,Nearest-neighbor 2,Vector from input,Degree Distribution,TRUE,0.01,0.1,0,2,1,Discrete,100,1,Infectious,1,0.5,2,58,2
298,Spawn,TRUE,5,1,0.5,FALSE,Nearest-neighbor 2,Vector from input,Degree Distribution,TRUE,0.01,0.1,0,2,1,Discrete,100,1,Infectious,1,0.5,5,58,5
299,Spawn,TRUE,5,1,0.5,FALSE,Nearest-neighbor 2,Vector from input,Degree Distribution,TRUE,0.01,0.1,0,2,1,Discrete,100,1,Infectious,1,0.5,8,59,8
300,Spawn,TRUE,5,1,0.5,FALSE,Nearest-neighbor 2,Vector from input,Degree Distribution,TRUE,0.01,0.1,0,2,1,Discrete,100,1,Infectious,1,0.5,4,59,4
301,Spawn,TRUE,5,1,1,FALSE,Nearest-neighbor 2,Vector from input,Degree Distribution,TRUE,0.99,0.1,0,2,1,Discrete,100,1,Infectious,1,0.5,6,100,6
302,Spawn,TRUE,5,1,1,FALSE,Nearest-neighbor 2,Vector from input,Degree Distribution,TRUE,0.99,0.1,0,2,1,Discrete,100,1,Infectious,1,0.5,6,100,6
303,Spawn,TRUE,5,1,1,FALSE,Nearest-neighbor 2,Vector from input,Degree Distribution,TRUE,0.99,0.1,0,2,1,Discrete,100,1,Infectious,1,0.5,6,100,6
304,Spawn,TRUE,5,1,1,FALSE,Nearest-neighbor 2,Vector from input,Degree Distribution,TRUE,0.99,0.1,0,2,1,Discrete,100,1,Infectious,1,0.5,6,100,6
305,Spawn,TRUE,5,1,1,FALSE,Nearest-neighbor 2,Vector from input,Degree Distribution,TRUE,0.99,0.1,0,2,1,Discrete,100,1,Infectious,1,0.5,6,100,6
306,Spawn,TRUE,5,1,1,FALSE,Nearest-neighbor 2,Vector from input,Degree Distribution,TRUE,0.99,0.1,0,2,1,Discrete,100,1,Infectious,1,0.5,6,100,6
307,Spawn,TRUE,5,1,1,FALSE,Nearest-neighbor 2,Vector from input,Degree Distribution,TRUE,0.99,0.1,0,2,1,Discrete,100,1,Infectious,1,0.5,6,100,6
308,Spawn,TRUE,5,1,1,FALSE,Nearest-neighbor 2,Vector from input,Degree Distribution,TRUE,0.99,0.1,0,2,1,Discrete,100,1,Infectious,1,0.5,6,100,6
309,Spawn,TRUE,5,1,1,FALSE,Nearest-neighbor 2,Vector from input,Degree Distribution,TRUE,0.99,0.1,0,2,1,Discrete,100,1,Infectious,1,0.5,6,100,6
310,Spawn,TRUE,5,1,1,FALSE,Nearest-neighbor 2,Vector from input,Degree Distribution,TRUE,0.99,0.1,0,2,1,Discrete,100,1,Infectious,1,0.5,6,100,6
311,Spawn,TRUE,5,1,1,FALSE,Nearest-neighbor 2,Vector from input,Degree Distribution,TRUE,0.99,0.1,0,2,1,Discrete,100,1,Infectious,1,0.5,6,100,6
312,Spawn,TRUE,5,1,1,FALSE,Nearest-neighbor 2,Vector from input,Degree Distribution,TRUE,0.99,0.1,0,2,1,Discrete,100,1,Infectious,1,0.5,6,100,6
313,Spawn,TRUE,5,1,1,FALSE,Nearest-neighbor 2,Vector from input,Degree Distribution,TRUE,0.99,0.1,0,2,1,Discrete,100,1,Infectious,1,0.5,6,100,6
314,Spawn,TRUE,5,1,1,FALSE,Nearest-neighbor 2,Vector from input,Degree Distribution,TRUE,0.99,0.1,0,2,1,Discrete,100,1,Infectious,1,0.5,6,100,6
315,Spawn,TRUE,5,1,1,FALSE,Nearest-neighbor 2,Vector from input,Degree Distribution,TRUE,0.99,0.1,0,2,1,Discrete,100,1,Infectious,1,0.5,6,100,6
316,Spawn,TRUE,5,1,1,FALSE,Nearest-neighbor 2,Vector from input,Degree Distribution,TRUE,0.99,0.1,0,2,1,Discrete,100,1,Infectious,1,0.5,6,100,6
317,Spawn,TRUE,5,1,1,FALSE,Nearest-neighbor 2,Vector from input,Degree Distribution,TRUE,0.99,0.1,0,2,1,Discrete,100,1,Infectious,1,0.5,6,100,6
318,Spawn,TRUE,5,1,1,FALSE,Nearest-neighbor 2,Vector from input,Degree Distribution,TRUE,0.99,0.1,0,2,1,Discrete,100,1,Infectious,1,0.5,6,100,6
319,Spawn,TRUE,5,1,1,FALSE,Nearest-neighbor 2,Vector from input,Degree Distribution,TRUE,0.99,0.1,0,2,1,Discrete,100,1,Infectious,1,0.5,6,100,6
320,Spawn,TRUE,5,1,1,FALSE,Nearest-neighbor 2,Vector from input,Degree Distribution,TRUE,0.99,0.1,0,2,1,Discrete,100,1,Infectious,1,0.5,6,100,6
321,Spawn,TRUE,5,1,1,FALSE,Nearest-neighbor 2,Vector from input,Degree Distribution,TRUE,0.99,0.1,0,2,1,Discrete,100,1,Infectious,1,0.5,6,100,6
322,Spawn,TRUE,5,1,1,FALSE,Nearest-neighbor 2,Vector from input,Degree Distribution,TRUE,0.99,0.1,0,2,1,Discrete,100,1,Infectious,1,0.5,6,100,6
323,Spawn,TRUE,5,1,1,FALSE,Nearest-neighbor 2,Vector from input,Degree Distribution,TRUE,0.99,0.1,0,2,1,Discrete,100,1,Infectious,1,0.5,6,100,6
324,Spawn,TRUE,5,1,1,FALSE,Nearest-neighbor 2,Vector from input,Degree Distribution,TRUE,0.99,0.1,0,2,1,Discrete,100,1,Infectious,1,0.5,6,100,6
325,Spawn,TRUE,5,1,1,FALSE,Nearest-neighbor 2,Vector from input,Degree Distribution,TRUE,0.99,0.1,0,2,1,Discrete,100,1,Infectious,1,0.5,6,100,6
326,Spawn,TRUE,5,1,1,FALSE,Nearest-neighbor 2,Vector from input,Degree Distribution,TRUE,0.99,0.1,0,2,1,Discrete,100,1,Infectious,1,0.5,6,100,6
327,Spawn,TRUE,5,1,1,FALSE,Nearest-neighbor 2,Vector from input,Degree Distribution,TRUE,0.99,0.1,0,2,1,Discrete,100,1,Infectious,1,0.5,6,100,6
328,Spawn,TRUE,5,1,1,FALSE,Nearest-neighbor 2,Vector from input,Degree Distribution,TRUE,0.99,0.1,0,2,1,Discrete,100,1,Infectious,1,0.5,6,100,6
329,Spawn,TRUE,5,1,1,FALSE,Nearest-neighbor 2,Vector from input,Degree Distribution,TRUE,0.99,0.1,0,2,1,Discrete,100,1,Infectious,1,0.5,6,100,6
330,Spawn,TRUE,5,1,1,FALSE,Nearest-neighbor 2,Vector from input,Degree Distribution,TRUE,0.99,0.1,0,2,1,Discrete,100,1,Infectious,1,0.5,6,100,6
331,Spawn,TRUE,5,1,1,FALSE,Nearest-neighbor 2,Vector from input,Degree Distribution,TRUE,0.99,0.1,0,2,1,Discrete,100,1,Infectious,1,0.5,6,100,6
332,Spawn,TRUE,5,1,1,FALSE,Nearest-neighbor 2,Vector from input,Degree Distribution,TRUE,0.99,0.1,0,2,1,Discrete,100,1,Infectious,1,0.5,6,100,6
333,Spawn,TRUE,5,1,1,FALSE,Nearest-neighbor 2,Vector from input,Degree Distribution,TRUE,0.99,0.1,0,2,1,Discrete,100,1,Infectious,1,0.5,6,100,6
334,Spawn,TRUE,5,1,1,FALSE,Nearest-neighbor 2,Vector from input,Degree Distribution,TRUE,0.99,0.1,0,2,1,Discrete,100,1,Infectious,1,0.5,6,100,6
335,Spawn,TRUE,5,1,1,FALSE,Nearest-neighbor 2,Vector from input,Degree Distribution,TRUE,0.99,0.1,0,2,1,Discrete,100,1,Infectious,1,0.5,6,100,6
336,Spawn,TRUE,5,1,1,FALSE,Nearest-neighbor 2,Vector from input,Degree Distribution,TRUE,0.99,0.1,0,2,1,Discrete,100,1,Infectious,1,0.5,6,100,6
337,Spawn,TRUE,5,1,1,FALSE,Nearest-neighbor 2,Vector from input,Degree Distribution,TRUE,0.99,0.1,0,2,1,Discrete,100,1,Infectious,1,0.5,6,100,6
338,Spawn,TRUE,5,1,1,FALSE,Nearest-neighbor 2,Vector from input,Degree Distribution,TRUE,0.99,0.1,0,2,1,Discrete,100,1,Infectious,1,0.5,6,100,6
339,Spawn,TRUE,5,1,1,FALSE,Nearest-neighbor 2,Vector from input,Degree Distribution,TRUE,0.99,0.1,0,2,1,Discrete,100,1,Infectious,1,0.5,6,100,6
340,Spawn,TRUE,5,1,1,FALSE,Nearest-neighbor 2,Vector from input,Degree Distribution,TRUE,0.99,0.1,0,2,1,Discrete,100,1,Infectious,1,0.5,6,100,6
341,Spawn,TRUE,5,1,1,FALSE,Nearest-neighbor 2,Vector from input,Degree Distribution,TRUE,0.99,0.1,0,2,1,Discrete,100,1,Infectious,1,0.5,6,100,6
342,Spawn,TRUE,5,1,1,FALSE,Nearest-neighbor 2,Vector from input,Degree Distribution,TRUE,0.99,0.1,0,2,1,Discrete,100,1,Infectious,1,0.5,6,100,6
343,Spawn,TRUE,5,1,1,FALSE,Nearest-neighbor 2,Vector from input,Degree Distribution,TRUE,0.99,0.1,0,2,1,Discrete,100,1,Infectious,1,0.5,6,100,6
344,Spawn,TRUE,5,1,1,FALSE,Nearest-neighbor 2,Vector from input,Degree Distribution,TRUE,0.99,0.1,0,2,1,Discrete,100,1,Infectious,1,0.5,6,100,6
345,Spawn,TRUE,5,1,1,FALSE,Nearest-neighbor 2,Vector from input,Degree Distribution,TRUE,0.99,0.1,0,2,1,Discrete,100,1,Infectious,1,0.5,6,100,6
346,Spawn,TRUE,5,1,1,FALSE,Nearest-neighbor 2,Vector from input,Degree Distribution,TRUE,0.99,0.1,0,2,1,Discrete,100,1,Infectious,1,0.5,6,100,6
347,Spawn,TRUE,5,1,1,FALSE,Nearest-neighbor 2,Vector from input,Degree Distribution,TRUE,0.99,0.1,0,2,1,Discrete,100,1,Infectious,1,0.5,6,100,6
348,Spawn,TRUE,5,1,1,FALSE,Nearest-neighbor 2,Vector from input,Degree Distribution,TRUE,0.99,0.1,0,2,1,Discrete,100,1,Infectious,1,0.5,6,100,6
349,Spawn,TRUE,5,1,1,FALSE,Nearest-neighbor 2,Vector from input,Degree Distribution,TRUE,0.99,0.1,0,2,1,Discrete,100,1,Infectious,1,0.5,6,100,6
350,Spawn,TRUE,5,1,1,FALSE,Nearest-neighbor 2,Vector from input,Degree Distribution,TRUE,0.99,0.1,0,2,1,Discrete,100,1,Infectious,1,0.5,6,100,6
351,Spawn,TRUE,5,1,1,FALSE,Nearest-neighbor 2,Vector from input,Degree Distribution,TRUE,0.99,0.1,0,2,1,Discrete,100,1,Infectious,1,0.5,6,100,6
352,Spawn,TRUE,5,1,1,FALSE,Nearest-neighbor 2,Vector from input,Degree Distribution,TRUE,0.99,0.1,0,2,1,Discrete,100,1,Infectious,1,0.5,6,100,6
353,Spawn,TRUE,5,1,1,FALSE,Nearest-neighbor 2,Vector from input,Degree Distribution,TRUE,0.99,0.1,0,2,1,Discrete,100,1,Infectious,1,0.5,6,100,6
354,Spawn,TRUE,5,1,1,FALSE,Nearest-neighbor 2,Vector from input,Degree Distribution,TRUE,0.99,0.1,0,2,1,Discrete,100,1,Infectious,1,0.5,6,100,6
355,Spawn,TRUE,5,1,1,FALSE,Nearest-neighbor 2,Vector from input,Degree Distribution,TRUE,0.99,0.1,0,2,1,Discrete,100,1,Infectious,1,0.5,6,100,6
356,Spawn,TRUE,5,1,1,FALSE,Nearest-neighbor 2,Vector from input,Degree Distribution,TRUE,0.99,0.1,0,2,1,Discrete,100,1,Infectious,1,0.5,6,100,6
357,Spawn,TRUE,5,1,1,FALSE,Nearest-neighbor 2,Vector from input,Degree Distribution,TRUE,0.99,0.1,0,2,1,Discrete,100,1,Infectious,1,0.5,6,100,6
358,Spawn,TRUE,5,1,1,FALSE,Nearest-neighbor 2,Vector from input,Degree Distribution,TRUE,0.99,0.1,0,2,1,Discrete,100,1,Infectious,1,0.5,6,100,6
359,Spawn,TRUE,5,1,1,FALSE,Nearest-neighbor 2,Vector from input,Degree Distribution,TRUE,0.99,0.1,0,2,1,Discrete,100,1,Infectious,1,0.5,6,100,6
360,Spawn,TRUE,5,1,1,FALSE,Nearest-neighbor 2,Vector from input,Degree Distribution,TRUE,0.99,0.1,0,2,1,Discrete,100,1,Infectious,1,0.5,6,100,6
361,Spawn,TRUE,5,1,1,FALSE,Nearest-neighbor 2,Vector from input,Degree Distribution,TRUE,0.99,0.1,0,2,1,Discrete,100,1,Infectious,1,0.5,6,100,6
362,Spawn,TRUE,5,1,1,FALSE,Nearest-neighbor 2,Vector from input,Degree Distribution,TRUE,0.99,0.1,0,2,1,Discrete,100,1,Infectious,1,0.5,6,100,6
363,Spawn,TRUE,5,1,1,FALSE,Nearest-neighbor 2,Vector from input,Degree Distribution,TRUE,0.99,0.1,0,2,1,Discrete,100,1,Infectious,1,0.5,6,100,6
364,Spawn,TRUE,5,1,1,FALSE,Nearest-neighbor 2,Vector from input,Degree Distribution,TRUE,0.99,0.1,0,2,1,Discrete,100,1,Infectious,1,0.5,6,100,6
365,Spawn,TRUE,5,1,1,FALSE,Nearest-neighbor 2,Vector from input,Degree Distribution,TRUE,0.99,0.1,0,2,1,Discrete,100,1,Infectious,1,0.5,6,100,6
366,Spawn,TRUE,5,1,1,FALSE,Nearest-neighbor 2,Vector from input,Degree Distribution,TRUE,0.99,0.1,0,2,1,Discrete,100,1,Infectious,1,0.5,6,100,6
367,Spawn,TRUE,5,1,1,FALSE,Nearest-neighbor 2,Vector from input,Degree Distribution,TRUE,0.99,0.1,0,2,1,Discrete,100,1,Infectious,1,0.5,6,100,6
368,Spawn,TRUE,5,1,1,FALSE,Nearest-neighbor 2,Vector from input,Degree Distribution,TRUE,0.99,0.1,0,2,1,Discrete,100,1,Infectious,1,0.5,6,100,6
369,Spawn,TRUE,5,1,1,FALSE,Nearest-neighbor 2,Vector from input,Degree Distribution,TRUE,0.99,0.1,0,2,1,Discrete,100,1,Infectious,1,0.5,6,100,6
370,Spawn,TRUE,5,1,1,FALSE,Nearest-neighbor 2,Vector from input,Degree Distribution,TRUE,0.99,0.1,0,2,1,Discrete,100,1,Infectious,1,0.5,6,100,6
371,Spawn,TRUE,5,1,1,FALSE,Nearest-neighbor 2,Vector from input,Degree Distribution,TRUE,0.99,0.1,0,2,1,Discrete,100,1,Infectious,1,0.5,6,100,6
372,Spawn,TRUE,5,1,1,FALSE,Nearest-neighbor 2,Vector from input,Degree Distribution,TRUE,0.99,0.1,0,2,1,Discrete,100,1,Infectious,1,0.5,6,100,6
373,Spawn,TRUE,5,1,1,FALSE,Nearest-neighbor 2,Vector from input,Degree Distribution,TRUE,0.99,0.1,0,2,1,Discrete,100,1,Infectious,1,0.5,6,100,6
374,Spawn,TRUE,5,1,1,FALSE,Nearest-neighbor 2,Vector from input,Degree Distribution,TRUE,0.99,0.1,0,2,1,Discrete,100,1,Infectious,1,0.5,6,100,6
375,Spawn,TRUE,5,1,1,FALSE,Nearest-neighbor 2,Vector from input,Degree Distribution,TRUE,0.99,0.1,0,2,1,Discrete,100,1,Infectious,1,0.5,6,100,6
376,Spawn,TRUE,5,1,1,FALSE,Nearest-neighbor 2,Vector from input,Degree Distribution,TRUE,0.99,0.1,0,2,1,Discrete,100,1,Infectious,1,0.5,6,100,6
377,Spawn,TRUE,5,1,1,FALSE,Nearest-neighbor 2,Vector from input,Degree Distribution,TRUE,0.99,0.1,0,2,1,Discrete,100,1,Infectious,1,0.5,6,100,6
378,Spawn,TRUE,5,1,1,FALSE,Nearest-neighbor 2,Vector from input,Degree Distribution,TRUE,0.99,0.1,0,2,1,Discrete,100,1,Infectious,1,0.5,6,100,6
379,Spawn,TRUE,5,1,1,FALSE,Nearest-neighbor 2,Vector from input,Degree Distribution,TRUE,0.99,0.1,0,2,1,Discrete,100,1,Infectious,1,0.5,6,100,6
380,Spawn,TRUE,5,1,1,FALSE,Nearest-neighbor 2,Vector from input,Degree Distribution,TRUE,0.99,0.1,0,2,1,Discrete,100,1,Infectious,1,0.5,6,100,6
381,Spawn,TRUE,5,1,1,FALSE,Nearest-neighbor 2,Vector from input,Degree Distribution,TRUE,0.99,0.1,0,2,1,Discrete,100,1,Infectious,1,0.5,6,100,6
382,Spawn,TRUE,5,1,1,FALSE,Nearest-neighbor 2,Vector from input,Degree Distribution,TRUE,0.99,0.1,0,2,1,Discrete,100,1,Infectious,1,0.5,6,100,6
383,Spawn,TRUE,5,1,1,FALSE,Nearest-neighbor 2,Vector from input,Degree Distribution,TRUE,0.99,0.1,0,2,1,Discrete,100,1,Infectious,1,0.5,6,100,6
384,Spawn,TRUE,5,1,1,FALSE,Nearest-neighbor 2,Vector from input,Degree Distribution,TRUE,0.99,0.1,0,2,1,Discrete,100,1,Infectious,1,0.5,6,100,6
385,Spawn,TRUE,5,1,1,FALSE,Nearest-neighbor 2,Vector from input,Degree Distribution,TRUE,0.99,0.1,0,2,1,Discrete,100,1,Infectious,1,0.5,6,100,6
386,Spawn,TRUE,5,1,1,FALSE,Nearest-neighbor 2,Vector from input,Degree Distribution,TRUE,0.99,0.1,0,2,1,Discrete,100,1,Infectious,1,0.5,6,100,6
387,Spawn,TRUE,5,1,1,FALSE,Nearest-neighbor 2,Vector from input,Degree Distribution,TRUE,0.99,0.1,0,2,1,Discrete,100,1,Infectious,1,0.5,6,100,6
388,Spawn,TRUE,5,1,1,FALSE,Nearest-neighbor 2,Vector from input,Degree Distribution,TRUE,0.99,0.1,0,2,1,Discrete,100,1,Infectious,1,0.5,6,100,6
389,Spawn,TRUE,5,1,1,FALSE,Nearest-neighbor 2,Vector from input,Degree Distribution,TRUE,0.99,0.1,0,2,1,Discrete,100,1,Infectious,1,0.5,6,100,6
390,Spawn,TRUE,5,1,1,FALSE,Nearest-neighbor 2,Vector from input,Degree Distribution,TRUE,0.99,0.1,0,2,1,Discrete,100,1,Infectious,1,0.5,6,100,6
391,Spawn,TRUE,5,1,1,FALSE,Nearest-neighbor 2,Vector from input,Degree Distribution,TRUE,0.99,0.1,0,2,1,Discrete,100,1,Infectious,1,0.5,6,100,6
392,Spawn,TRUE,5,1,1,FALSE,Nearest-neighbor 2,Vector from input,Degree Distribution,TRUE,0.99,0.1,0,2,1,Discrete,100,1,Infectious,1,0.5,6,100,6
393,Spawn,TRUE,5,1,1,FALSE,Nearest-neighbor 2,Vector from input,Degree Distribution,TRUE,0.99,0.1,0,2,1,Discrete,100,1,Infectious,1,0.5,6,100,6
394,Spawn,TRUE,5,1,1,FALSE,Nearest-neighbor 2,Vector from input,Degree Distribution,TRUE,0.99,0.1,0,2,1,Discrete,100,1,Infectious,1,0.5,6,100,6
395,Spawn,TRUE,5,1,1,FALSE,Nearest-neighbor 2,Vector from input,Degree Distribution,TRUE,0.99,0.1,0,2,1,Discrete,100,1,Infectious,1,0.5,6,100,6
396,Spawn,TRUE,5,1,1,FALSE,Nearest-neighbor 2,Vector from input,Degree Distribution,TRUE,0.99,0.1,0,2,1,Discrete,100,1,Infectious,1,0.5,6,100,6
397,Spawn,TRUE,5,1,1,FALSE,Nearest-neighbor 2,Vector from input,Degree Distribution,TRUE,0.99,0.1,0,2,1,Discrete,100,1,Infectious,1,0.5,6,100,6
398,Spawn,TRUE,5,1,1,FALSE,Nearest-neighbor 2,Vector from input,Degree Distribution,TRUE,0.99,0.1,0,2,1,Discrete,100,1,Infectious,1,0.5,6,100,6
399,Spawn,TRUE,5,1,1,FALSE,Nearest-neighbor 2,Vector from input,Degree Distribution,TRUE,0.99,0.1,0,2,1,Discrete,100,1,Infectious,1,0.5,6,100,6
400,Spawn,TRUE,5,1,1,FALSE,Nearest-neighbor 2,Vector from input,Degree Distribution,TRUE,0.99,0.1,0,2,1,Discrete,100,1,Infectious,1,0.5,6,100,6
401,Spawn,TRUE,5,1,1,FALSE,Nearest-neighbor 2,Vector from input,Degree Distribution,TRUE,0.5,0.1,0,2,1,Discrete,100,1,Infectious,1,0.5,7,84,7
402,Spawn,TRUE,5,1,1,FALSE,Nearest-neighbor 2,Vector from input,Degree Distribution,TRUE,0.5,0.1,0,2,1,Discrete,100,1,Infectious,1,0.5,4,80,4
403,Spawn,TRUE,5,1,1,FALSE,Nearest-neighbor 2,Vector from input,Degree Distribution,TRUE,0.5,0.1,0,2,1,Discrete,100,1,Infectious,1,0.5,6,90,6
404,Spawn,TRUE,5,1,1,FALSE,Nearest-neighbor 2,Vector from input,Degree Distribution,TRUE,0.5,0.1,0,2,1,Discrete,100,1,Infectious,1,0.5,7,95,7
405,Spawn,TRUE,5,1,1,FALSE,Nearest-neighbor 2,Vector from input,Degree Distribution,TRUE,0.5,0.1,0,2,1,Discrete,100,1,Infectious,1,0.5,4,70,4
406,Spawn,TRUE,5,1,1,FALSE,Nearest-neighbor 2,Vector from input,Degree Distribution,TRUE,0.5,0.1,0,2,1,Discrete,100,1,Infectious,1,0.5,9,98,9
407,Spawn,TRUE,5,1,1,FALSE,Nearest-neighbor 2,Vector from input,Degree Distribution,TRUE,0.5,0.1,0,2,1,Discrete,100,1,Infectious,1,0.5,4,72,4
408,Spawn,TRUE,5,1,1,FALSE,Nearest-neighbor 2,Vector from input,Degree Distribution,TRUE,0.5,0.1,0,2,1,Discrete,100,1,Infectious,1,0.5,8,94,8
409,Spawn,TRUE,5,1,1,FALSE,Nearest-neighbor 2,Vector from input,Degree Distribution,TRUE,0.5,0.1,0,2,1,Discrete,100,1,Infectious,1,0.5,6,86,6
410,Spawn,TRUE,5,1,1,FALSE,Nearest-neighbor 2,Vector from input,Degree Distribution,TRUE,0.5,0.1,0,2,1,Discrete,100,1,Infectious,1,0.5,10,88,10
411,Spawn,TRUE,5,1,1,FALSE,Nearest-neighbor 2,Vector from input,Degree Distribution,TRUE,0.5,0.1,0,2,1,Discrete,100,1,Infectious,1,0.5,12,88,12
412,Spawn,TRUE,5,1,1,FALSE,Nearest-neighbor 2,Vector from input,Degree Distribution,TRUE,0.5,0.1,0,2,1,Discrete,100,1,Infectious,1,0.5,8,84,8
413,Spawn,TRUE,5,1,1,FALSE,Nearest-neighbor 2,Vector from input,Degree Distribution,TRUE,0.5,0.1,0,2,1,Discrete,100,1,Infectious,1,0.5,9,91,9
414,Spawn,TRUE,5,1,1,FALSE,Nearest-neighbor 2,Vector from input,Degree Distribution,TRUE,0.5,0.1,0,2,1,Discrete,100,1,Infectious,1,0.5,8,97,8
415,Spawn,TRUE,5,1,1,FALSE,Nearest-neighbor 2,Vector from input,Degree Distribution,TRUE,0.5,0.1,0,2,1,Discrete,100,1,Infectious,1,0.5,6,90,6
416,Spawn,TRUE,5,1,1,FALSE,Nearest-neighbor 2,Vector from input,Degree Distribution,TRUE,0.5,0.1,0,2,1,Discrete,100,1,Infectious,1,0.5,6,84,6
417,Spawn,TRUE,5,1,1,FALSE,Nearest-neighbor 2,Vector from input,Degree Distribution,TRUE,0.5,0.1,0,2,1,Discrete,100,1,Infectious,1,0.5,7,87,7
418,Spawn,TRUE,5,1,1,FALSE,Nearest-neighbor 2,Vector from input,Degree Distribution,TRUE,0.5,0.1,0,2,1,Discrete,100,1,Infectious,1,0.5,5,75,5
419,Spawn,TRUE,5,1,1,FALSE,Nearest-neighbor 2,Vector from input,Degree Distribution,TRUE,0.5,0.1,0,2,1,Discrete,100,1,Infectious,1,0.5,8,86,8
420,Spawn,TRUE,5,1,1,FALSE,Nearest-neighbor 2,Vector from input,Degree Distribution,TRUE,0.5,0.1,0,2,1,Discrete,100,1,Infectious,1,0.5,6,78,6
421,Spawn,TRUE,5,1,1,FALSE,Nearest-neighbor 2,Vector from input,Degree Distribution,TRUE,0.5,0.1,0,2,1,Discrete,100,1,Infectious,1,0.5,7,81,7
422,Spawn,TRUE,5,1,1,FALSE,Nearest-neighbor 2,Vector from input,Degree Distribution,TRUE,0.5,0.1,0,2,1,Discrete,100,1,Infectious,1,0.5,8,89,8
423,Spawn,TRUE,5,1,1,FALSE,Nearest-neighbor 2,Vector from input,Degree Distribution,TRUE,0.5,0.1,0,2,1,Discrete,100,1,Infectious,1,0.5,10,95,10
424,Spawn,TRUE,5,1,1,FALSE,Nearest-neighbor 2,Vector from input,Degree Distribution,TRUE,0.5,0.1,0,2,1,Discrete,100,1,Infectious,1,0.5,4,75,4
425,Spawn,TRUE,5,1,1,FALSE,Nearest-neighbor 2,Vector from input,Degree Distribution,TRUE,0.5,0.1,0,2,1,Discrete,100,1,Infectious,1,0.5,9,91,9
426,Spawn,TRUE,5,1,1,FALSE,Nearest-neighbor 2,Vector from input,Degree Distribution,TRUE,0.5,0.1,0,2,1,Discrete,100,1,Infectious,1,0.5,5,83,5
427,Spawn,TRUE,5,1,1,FALSE,Nearest-neighbor 2,Vector from input,Degree Distribution,TRUE,0.5,0.1,0,2,1,Discrete,100,1,Infectious,1,0.5,6,86,6
428,Spawn,TRUE,5,1,1,FALSE,Nearest-neighbor 2,Vector from input,Degree Distribution,TRUE,0.5,0.1,0,2,1,Discrete,100,1,Infectious,1,0.5,7,98,7
429,Spawn,TRUE,5,1,1,FALSE,Nearest-neighbor 2,Vector from input,Degree Distribution,TRUE,0.5,0.1,0,2,1,Discrete,100,1,Infectious,1,0.5,10,84,10
430,Spawn,TRUE,5,1,1,FALSE,Nearest-neighbor 2,Vector from input,Degree Distribution,TRUE,0.5,0.1,0,2,1,Discrete,100,1,Infectious,1,0.5,4,68,4
431,Spawn,TRUE,5,1,1,FALSE,Nearest-neighbor 2,Vector from input,Degree Distribution,TRUE,0.5,0.1,0,2,1,Discrete,100,1,Infectious,1,0.5,7,83,7
432,Spawn,TRUE,5,1,1,FALSE,Nearest-neighbor 2,Vector from input,Degree Distribution,TRUE,0.5,0.1,0,2,1,Discrete,100,1,Infectious,1,0.5,4,70,4
433,Spawn,TRUE,5,1,1,FALSE,Nearest-neighbor 2,Vector from input,Degree Distribution,TRUE,0.5,0.1,0,2,1,Discrete,100,1,Infectious,1,0.5,7,84,7
434,Spawn,TRUE,5,1,1,FALSE,Nearest-neighbor 2,Vector from input,Degree Distribution,TRUE,0.5,0.1,0,2,1,Discrete,100,1,Infectious,1,0.5,10,95,10
435,Spawn,TRUE,5,1,1,FALSE,Nearest-neighbor 2,Vector from input,Degree Distribution,TRUE,0.5,0.1,0,2,1,Discrete,100,1,Infectious,1,0.5,4,72,4
436,Spawn,TRUE,5,1,1,FALSE,Nearest-neighbor 2,Vector from input,Degree Distribution,TRUE,0.5,0.1,0,2,1,Discrete,100,1,Infectious,1,0.5,8,85,8
437,Spawn,TRUE,5,1,1,FALSE,Nearest-neighbor 2,Vector from input,Degree Distribution,TRUE,0.5,0.1,0,2,1,Discrete,100,1,Infectious,1,0.5,8,86,8
438,Spawn,TRUE,5,1,1,FALSE,Nearest-neighbor 2,Vector from input,Degree Distribution,TRUE,0.5,0.1,0,2,1,Discrete,100,1,Infectious,1,0.5,4,79,4
439,Spawn,TRUE,5,1,1,FALSE,Nearest-neighbor 2,Vector from input,Degree Distribution,TRUE,0.5,0.1,0,2,1,Discrete,100,1,Infectious,1,0.5,4,72,4
440,Spawn,TRUE,5,1,1,FALSE,Nearest-neighbor 2,Vector from input,Degree Distribution,TRUE,0.5,0.1,0,2,1,Discrete,100,1,Infectious,1,0.5,6,79,6
441,Spawn,TRUE,5,1,1,FALSE,Nearest-neighbor 2,Vector from input,Degree Distribution,TRUE,0.5,0.1,0,2,1,Discrete,100,1,Infectious,1,0.5,8,89,8
442,Spawn,TRUE,5,1,1,FALSE,Nearest-neighbor 2,Vector from input,Degree Distribution,TRUE,0.5,0.1,0,2,1,Discrete,100,1,Infectious,1,0.5,5,76,5
443,Spawn,TRUE,5,1,1,FALSE,Nearest-neighbor 2,Vector from input,Degree Distribution,TRUE,0.5,0.1,0,2,1,Discrete,100,1,Infectious,1,0.5,4,74,4
444,Spawn,TRUE,5,1,1,FALSE,Nearest-neighbor 2,Vector from input,Degree Distribution,TRUE,0.5,0.1,0,2,1,Discrete,100,1,Infectious,1,0.5,10,85,10
445,Spawn,TRUE,5,1,1,FALSE,Nearest-neighbor 2,Vector from input,Degree Distribution,TRUE,0.5,0.1,0,2,1,Discrete,100,1,Infectious,1,0.5,6,77,6
446,Spawn,TRUE,5,1,1,FALSE,Nearest-neighbor 2,Vector from input,Degree Distribution,TRUE,0.5,0.1,0,2,1,Discrete,100,1,Infectious,1,0.5,4,74,4
447,Spawn,TRUE,5,1,1,FALSE,Nearest-neighbor 2,Vector from input,Degree Distribution,TRUE,0.5,0.1,0,2,1,Discrete,100,1,Infectious,1,0.5,7,79,7
448,Spawn,TRUE,5,1,1,FALSE,Nearest-neighbor 2,Vector from input,Degree Distribution,TRUE,0.5,0.1,0,2,1,Discrete,100,1,Infectious,1,0.5,4,68,4
449,Spawn,TRUE,5,1,1,FALSE,Nearest-neighbor 2,Vector from input,Degree Distribution,TRUE,0.5,0.1,0,2,1,Discrete,100,1,Infectious,1,0.5,7,82,7
450,Spawn,TRUE,5,1,1,FALSE,Nearest-neighbor 2,Vector from input,Degree Distribution,TRUE,0.5,0.1,0,2,1,Discrete,100,1,Infectious,1,0.5,4,78,4
451,Spawn,TRUE,5,1,1,FALSE,Nearest-neighbor 2,Vector from input,Degree Distribution,TRUE,0.5,0.1,0,2,1,Discrete,100,1,Infectious,1,0.5,6,79,6
452,Spawn,TRUE,5,1,1,FALSE,Nearest-neighbor 2,Vector from input,Degree Distribution,TRUE,0.5,0.1,0,2,1,Discrete,100,1,Infectious,1,0.5,7,91,7
453,Spawn,TRUE,5,1,1,FALSE,Nearest-neighbor 2,Vector from input,Degree Distribution,TRUE,0.5,0.1,0,2,1,Discrete,100,1,Infectious,1,0.5,7,90,7
454,Spawn,TRUE,5,1,1,FALSE,Nearest-neighbor 2,Vector from input,Degree Distribution,TRUE,0.5,0.1,0,2,1,Discrete,100,1,Infectious,1,0.5,7,72,7
455,Spawn,TRUE,5,1,1,FALSE,Nearest-neighbor 2,Vector from input,Degree Distribution,TRUE,0.5,0.1,0,2,1,Discrete,100,1,Infectious,1,0.5,5,84,5
456,Spawn,TRUE,5,1,1,FALSE,Nearest-neighbor 2,Vector from input,Degree Distribution,TRUE,0.5,0.1,0,2,1,Discrete,100,1,Infectious,1,0.5,6,77,6
457,Spawn,TRUE,5,1,1,FALSE,Nearest-neighbor 2,Vector from input,Degree Distribution,TRUE,0.5,0.1,0,2,1,Discrete,100,1,Infectious,1,0.5,3,67,3
458,Spawn,TRUE,5,1,1,FALSE,Nearest-neighbor 2,Vector from input,Degree Distribution,TRUE,0.5,0.1,0,2,1,Discrete,100,1,Infectious,1,0.5,10,90,10
459,Spawn,TRUE,5,1,1,FALSE,Nearest-neighbor 2,Vector from input,Degree Distribution,TRUE,0.5,0.1,0,2,1,Discrete,100,1,Infectious,1,0.5,11,91,11
460,Spawn,TRUE,5,1,1,FALSE,Nearest-neighbor 2,Vector from input,Degree Distribution,TRUE,0.5,0.1,0,2,1,Discrete,100,1,Infectious,1,0.5,12,91,12
461,Spawn,TRUE,5,1,1,FALSE,Nearest-neighbor 2,Vector from input,Degree Distribution,TRUE,0.5,0.1,0,2,1,Discrete,100,1,Infectious,1,0.5,9,86,9
462,Spawn,TRUE,5,1,1,FALSE,Nearest-neighbor 2,Vector from input,Degree Distribution,TRUE,0.5,0.1,0,2,1,Discrete,100,1,Infectious,1,0.5,9,89,9
463,Spawn,TRUE,5,1,1,FALSE,Nearest-neighbor 2,Vector from input,Degree Distribution,TRUE,0.5,0.1,0,2,1,Discrete,100,1,Infectious,1,0.5,8,92,8
464,Spawn,TRUE,5,1,1,FALSE,Nearest-neighbor 2,Vector from input,Degree Distribution,TRUE,0.5,0.1,0,2,1,Discrete,100,1,Infectious,1,0.5,12,84,12
465,Spawn,TRUE,5,1,1,FALSE,Nearest-neighbor 2,Vector from input,Degree Distribution,TRUE,0.5,0.1,0,2,1,Discrete,100,1,Infectious,1,0.5,5,77,5
466,Spawn,TRUE,5,1,1,FALSE,Nearest-neighbor 2,Vector from input,Degree Distribution,TRUE,0.5,0.1,0,2,1,Discrete,100,1,Infectious,1,0.5,11,94,11
467,Spawn,TRUE,5,1,1,FALSE,Nearest-neighbor 2,Vector from input,Degree Distribution,TRUE,0.5,0.1,0,2,1,Discrete,100,1,Infectious,1,0.5,8,88,8
468,Spawn,TRUE,5,1,1,FALSE,Nearest-neighbor 2,Vector from input,Degree Distribution,TRUE,0.5,0.1,0,2,1,Discrete,100,1,Infectious,1,0.5,7,87,7
469,Spawn,TRUE,5,1,1,FALSE,Nearest-neighbor 2,Vector from input,Degree Distribution,TRUE,0.5,0.1,0,2,1,Discrete,100,1,Infectious,1,0.5,7,87,7
470,Spawn,TRUE,5,1,1,FALSE,Nearest-neighbor 2,Vector from input,Degree Distribution,TRUE,0.5,0.1,0,2,1,Discrete,100,1,Infectious,1,0.5,4,77,4
471,Spawn,TRUE,5,1,1,FALSE,Nearest-neighbor 2,Vector from input,Degree Distribution,TRUE,0.5,0.1,0,2,1,Discrete,100,1,Infectious,1,0.5,4,71,4
472,Spawn,TRUE,5,1,1,FALSE,Nearest-neighbor 2,Vector from input,Degree Distribution,TRUE,0.5,0.1,0,2,1,Discrete,100,1,Infectious,1,0.5,5,82,5
473,Spawn,TRUE,5,1,1,FALSE,Nearest-neighbor 2,Vector from input,Degree Distribution,TRUE,0.5,0.1,0,2,1,Discrete,100,1,Infectious,1,0.5,13,92,13
474,Spawn,TRUE,5,1,1,FALSE,Nearest-neighbor 2,Vector from input,Degree Distribution,TRUE,0.5,0.1,0,2,1,Discrete,100,1,Infectious,1,0.5,7,87,7
475,Spawn,TRUE,5,1,1,FALSE,Nearest-neighbor 2,Vector from input,Degree Distribution,TRUE,0.5,0.1,0,2,1,Discrete,100,1,Infectious,1,0.5,11,97,11
476,Spawn,TRUE,5,1,1,FALSE,Nearest-neighbor 2,Vector from input,Degree Distribution,TRUE,0.5,0.1,0,2,1,Discrete,100,1,Infectious,1,0.5,4,77,4
477,Spawn,TRUE,5,1,1,FALSE,Nearest-neighbor 2,Vector from input,Degree Distribution,TRUE,0.5,0.1,0,2,1,Discrete,100,1,Infectious,1,0.5,4,75,4
478,Spawn,TRUE,5,1,1,FALSE,Nearest-neighbor 2,Vector from input,Degree Distribution,TRUE,0.5,0.1,0,2,1,Discrete,100,1,Infectious,1,0.5,9,86,9
479,Spawn,TRUE,5,1,1,FALSE,Nearest-neighbor 2,Vector from input,Degree Distribution,TRUE,0.5,0.1,0,2,1,Discrete,100,1,Infectious,1,0.5,8,90,8
480,Spawn,TRUE,5,1,1,FALSE,Nearest-neighbor 2,Vector from input,Degree Distribution,TRUE,0.5,0.1,0,2,1,Discrete,100,1,Infectious,1,0.5,9,95,9
481,Spawn,TRUE,5,1,1,FALSE,Nearest-neighbor 2,Vector from input,Degree Distribution,TRUE,0.5,0.1,0,2,1,Discrete,100,1,Infectious,1,0.5,5,82,5
482,Spawn,TRUE,5,1,1,FALSE,Nearest-neighbor 2,Vector from input,Degree Distribution,TRUE,0.5,0.1,0,2,1,Discrete,100,1,Infectious,1,0.5,9,91,9
483,Spawn,TRUE,5,1,1,FALSE,Nearest-neighbor 2,Vector from input,Degree Distribution,TRUE,0.5,0.1,0,2,1,Discrete,100,1,Infectious,1,0.5,8,90,8
484,Spawn,TRUE,5,1,1,FALSE,Nearest-neighbor 2,Vector from input,Degree Distribution,TRUE,0.5,0.1,0,2,1,Discrete,100,1,Infectious,1,0.5,10,87,10
485,Spawn,TRUE,5,1,1,FALSE,Nearest-neighbor 2,Vector from input,Degree Distribution,TRUE,0.5,0.1,0,2,1,Discrete,100,1,Infectious,1,0.5,7,77,7
486,Spawn,TRUE,5,1,1,FALSE,Nearest-neighbor 2,Vector from input,Degree Distribution,TRUE,0.5,0.1,0,2,1,Discrete,100,1,Infectious,1,0.5,8,82,8
487,Spawn,TRUE,5,1,1,FALSE,Nearest-neighbor 2,Vector from input,Degree Distribution,TRUE,0.5,0.1,0,2,1,Discrete,100,1,Infectious,1,0.5,7,86,7
488,Spawn,TRUE,5,1,1,FALSE,Nearest-neighbor 2,Vector from input,Degree Distribution,TRUE,0.5,0.1,0,2,1,Discrete,100,1,Infectious,1,0.5,7,83,7
489,Spawn,TRUE,5,1,1,FALSE,Nearest-neighbor 2,Vector from input,Degree Distribution,TRUE,0.5,0.1,0,2,1,Discrete,100,1,Infectious,1,0.5,10,95,10
490,Spawn,TRUE,5,1,1,FALSE,Nearest-neighbor 2,Vector from input,Degree Distribution,TRUE,0.5,0.1,0,2,1,Discrete,100,1,Infectious,1,0.5,8,90,8
491,Spawn,TRUE,5,1,1,FALSE,Nearest-neighbor 2,Vector from input,Degree Distribution,TRUE,0.5,0.1,0,2,1,Discrete,100,1,Infectious,1,0.5,7,77,7
492,Spawn,TRUE,5,1,1,FALSE,Nearest-neighbor 2,Vector from input,Degree Distribution,TRUE,0.5,0.1,0,2,1,Discrete,100,1,Infectious,1,0.5,4,80,4
493,Spawn,TRUE,5,1,1,FALSE,Nearest-neighbor 2,Vector from input,Degree Distribution,TRUE,0.5,0.1,0,2,1,Discrete,100,1,Infectious,1,0.5,5,77,5
494,Spawn,TRUE,5,1,1,FALSE,Nearest-neighbor 2,Vector from input,Degree Distribution,TRUE,0.5,0.1,0,2,1,Discrete,100,1,Infectious,1,0.5,4,76,4
495,Spawn,TRUE,5,1,1,FALSE,Nearest-neighbor 2,Vector from input,Degree Distribution,TRUE,0.5,0.1,0,2,1,Discrete,100,1,Infectious,1,0.5,4,85,4
496,Spawn,TRUE,5,1,1,FALSE,Nearest-neighbor 2,Vector from input,Degree Distribution,TRUE,0.5,0.1,0,2,1,Discrete,100,1,Infectious,1,0.5,7,80,7
497,Spawn,TRUE,5,1,1,FALSE,Nearest-neighbor 2,Vector from input,Degree Distribution,TRUE,0.5,0.1,0,2,1,Discrete,100,1,Infectious,1,0.5,3,68,3
498,Spawn,TRUE,5,1,1,FALSE,Nearest-neighbor 2,Vector from input,Degree Distribution,TRUE,0.5,0.1,0,2,1,Discrete,100,1,Infectious,1,0.5,5,76,5
499,Spawn,TRUE,5,1,1,FALSE,Nearest-neighbor 2,Vector from input,Degree Distribution,TRUE,0.5,0.1,0,2,1,Discrete,100,1,Infectious,1,0.5,6,85,6
500,Spawn,TRUE,5,1,1,FALSE,Nearest-neighbor 2,Vector from input,Degree Distribution,TRUE,0.5,0.1,0,2,1,Discrete,100,1,Infectious,1,0.5,6,86,6
501,Spawn,TRUE,5,1,1,FALSE,Nearest-neighbor 2,Vector from input,Degree Distribution,TRUE,0.01,0.1,0,2,1,Discrete,100,1,Infectious,1,0.5,1,58,1
502,Spawn,TRUE,5,1,1,FALSE,Nearest-neighbor 2,Vector from input,Degree Distribution,TRUE,0.01,0.1,0,2,1,Discrete,100,1,Infectious,1,0.5,1,58,1
503,Spawn,TRUE,5,1,1,FALSE,Nearest-neighbor 2,Vector from input,Degree Distribution,TRUE,0.01,0.1,0,2,1,Discrete,100,1,Infectious,1,0.5,1,58,1
504,Spawn,TRUE,5,1,1,FALSE,Nearest-neighbor 2,Vector from input,Degree Distribution,TRUE,0.01,0.1,0,2,1,Discrete,100,1,Infectious,1,0.5,1,58,1
505,Spawn,TRUE,5,1,1,FALSE,Nearest-neighbor 2,Vector from input,Degree Distribution,TRUE,0.01,0.1,0,2,1,Discrete,100,1,Infectious,1,0.5,1,58,1
506,Spawn,TRUE,5,1,1,FALSE,Nearest-neighbor 2,Vector from input,Degree Distribution,TRUE,0.01,0.1,0,2,1,Discrete,100,1,Infectious,1,0.5,1,58,1
507,Spawn,TRUE,5,1,1,FALSE,Nearest-neighbor 2,Vector from input,Degree Distribution,TRUE,0.01,0.1,0,2,1,Discrete,100,1,Infectious,1,0.5,1,58,1
508,Spawn,TRUE,5,1,1,FALSE,Nearest-neighbor 2,Vector from input,Degree Distribution,TRUE,0.01,0.1,0,2,1,Discrete,100,1,Infectious,1,0.5,2,59,2
509,Spawn,TRUE,5,1,1,FALSE,Nearest-neighbor 2,Vector from input,Degree Distribution,TRUE,0.01,0.1,0,2,1,Discrete,100,1,Infectious,1,0.5,1,58,1
510,Spawn,TRUE,5,1,1,FALSE,Nearest-neighbor 2,Vector from input,Degree Distribution,TRUE,0.01,0.1,0,2,1,Discrete,100,1,Infectious,1,0.5,1,58,1
511,Spawn,TRUE,5,1,1,FALSE,Nearest-neighbor 2,Vector from input,Degree Distribution,TRUE,0.01,0.1,0,2,1,Discrete,100,1,Infectious,1,0.5,1,58,1
512,Spawn,TRUE,5,1,1,FALSE,Nearest-neighbor 2,Vector from input,Degree Distribution,TRUE,0.01,0.1,0,2,1,Discrete,100,1,Infectious,1,0.5,1,58,1
513,Spawn,TRUE,5,1,1,FALSE,Nearest-neighbor 2,Vector from input,Degree Distribution,TRUE,0.01,0.1,0,2,1,Discrete,100,1,Infectious,1,0.5,1,58,1
514,Spawn,TRUE,5,1,1,FALSE,Nearest-neighbor 2,Vector from input,Degree Distribution,TRUE,0.01,0.1,0,2,1,Discrete,100,1,Infectious,1,0.5,1,58,1
515,Spawn,TRUE,5,1,1,FALSE,Nearest-neighbor 2,Vector from input,Degree Distribution,TRUE,0.01,0.1,0,2,1,Discrete,100,1,Infectious,1,0.5,1,58,1
516,Spawn,TRUE,5,1,1,FALSE,Nearest-neighbor 2,Vector from input,Degree Distribution,TRUE,0.01,0.1,0,2,1,Discrete,100,1,Infectious,1,0.5,2,59,2
517,Spawn,TRUE,5,1,1,FALSE,Nearest-neighbor 2,Vector from input,Degree Distribution,TRUE,0.01,0.1,0,2,1,Discrete,100,1,Infectious,1,0.5,1,58,1
518,Spawn,TRUE,5,1,1,FALSE,Nearest-neighbor 2,Vector from input,Degree Distribution,TRUE,0.01,0.1,0,2,1,Discrete,100,1,Infectious,1,0.5,1,58,1
519,Spawn,TRUE,5,1,1,FALSE,Nearest-neighbor 2,Vector from input,Degree Distribution,TRUE,0.01,0.1,0,2,1,Discrete,100,1,Infectious,1,0.5,1,58,1
520,Spawn,TRUE,5,1,1,FALSE,Nearest-neighbor 2,Vector from input,Degree Distribution,TRUE,0.01,0.1,0,2,1,Discrete,100,1,Infectious,1,0.5,1,58,1
521,Spawn,TRUE,5,1,1,FALSE,Nearest-neighbor 2,Vector from input,Degree Distribution,TRUE,0.01,0.1,0,2,1,Discrete,100,1,Infectious,1,0.5,1,58,1
522,Spawn,TRUE,5,1,1,FALSE,Nearest-neighbor 2,Vector from input,Degree Distribution,TRUE,0.01,0.1,0,2,1,Discrete,100,1,Infectious,1,0.5,1,58,1
523,Spawn,TRUE,5,1,1,FALSE,Nearest-neighbor 2,Vector from input,Degree Distribution,TRUE,0.01,0.1,0,2,1,Discrete,100,1,Infectious,1,0.5,1,58,1
524,Spawn,TRUE,5,1,1,FALSE,Nearest-neighbor 2,Vector from input,Degree Distribution,TRUE,0.01,0.1,0,2,1,Discrete,100,1,Infectious,1,0.5,1,58,1
525,Spawn,TRUE,5,1,1,FALSE,Nearest-neighbor 2,Vector from input,Degree Distribution,TRUE,0.01,0.1,0,2,1,Discrete,100,1,Infectious,1,0.5,2,59,2
526,Spawn,TRUE,5,1,1,FALSE,Nearest-neighbor 2,Vector from input,Degree Distribution,TRUE,0.01,0.1,0,2,1,Discrete,100,1,Infectious,1,0.5,2,59,2
527,Spawn,TRUE,5,1,1,FALSE,Nearest-neighbor 2,Vector from input,Degree Distribution,TRUE,0.01,0.1,0,2,1,Discrete,100,1,Infectious,1,0.5,1,58,1
528,Spawn,TRUE,5,1,1,FALSE,Nearest-neighbor 2,Vector from input,Degree Distribution,TRUE,0.01,0.1,0,2,1,Discrete,100,1,Infectious,1,0.5,1,58,1
529,Spawn,TRUE,5,1,1,FALSE,Nearest-neighbor 2,Vector from input,Degree Distribution,TRUE,0.01,0.1,0,2,1,Discrete,100,1,Infectious,1,0.5,1,58,1
530,Spawn,TRUE,5,1,1,FALSE,Nearest-neighbor 2,Vector from input,Degree Distribution,TRUE,0.01,0.1,0,2,1,Discrete,100,1,Infectious,1,0.5,2,59,2
531,Spawn,TRUE,5,1,1,FALSE,Nearest-neighbor 2,Vector from input,Degree Distribution,TRUE,0.01,0.1,0,2,1,Discrete,100,1,Infectious,1,0.5,1,58,1
532,Spawn,TRUE,5,1,1,FALSE,Nearest-neighbor 2,Vector from input,Degree Distribution,TRUE,0.01,0.1,0,2,1,Discrete,100,1,Infectious,1,0.5,1,58,1
533,Spawn,TRUE,5,1,1,FALSE,Nearest-neighbor 2,Vector from input,Degree Distribution,TRUE,0.01,0.1,0,2,1,Discrete,100,1,Infectious,1,0.5,1,58,1
534,Spawn,TRUE,5,1,1,FALSE,Nearest-neighbor 2,Vector from input,Degree Distribution,TRUE,0.01,0.1,0,2,1,Discrete,100,1,Infectious,1,0.5,1,58,1
535,Spawn,TRUE,5,1,1,FALSE,Nearest-neighbor 2,Vector from input,Degree Distribution,TRUE,0.01,0.1,0,2,1,Discrete,100,1,Infectious,1,0.5,2,59,2
536,Spawn,TRUE,5,1,1,FALSE,Nearest-neighbor 2,Vector from input,Degree Distribution,TRUE,0.01,0.1,0,2,1,Discrete,100,1,Infectious,1,0.5,2,59,2
537,Spawn,TRUE,5,1,1,FALSE,Nearest-neighbor 2,Vector from input,Degree Distribution,TRUE,0.01,0.1,0,2,1,Discrete,100,1,Infectious,1,0.5,1,58,1
538,Spawn,TRUE,5,1,1,FALSE,Nearest-neighbor 2,Vector from input,Degree Distribution,TRUE,0.01,0.1,0,2,1,Discrete,100,1,Infectious,1,0.5,1,58,1
539,Spawn,TRUE,5,1,1,FALSE,Nearest-neighbor 2,Vector from input,Degree Distribution,TRUE,0.01,0.1,0,2,1,Discrete,100,1,Infectious,1,0.5,1,58,1
540,Spawn,TRUE,5,1,1,FALSE,Nearest-neighbor 2,Vector from input,Degree Distribution,TRUE,0.01,0.1,0,2,1,Discrete,100,1,Infectious,1,0.5,1,58,1
541,Spawn,TRUE,5,1,1,FALSE,Nearest-neighbor 2,Vector from input,Degree Distribution,TRUE,0.01,0.1,0,2,1,Discrete,100,1,Infectious,1,0.5,2,59,2
542,Spawn,TRUE,5,1,1,FALSE,Nearest-neighbor 2,Vector from input,Degree Distribution,TRUE,0.01,0.1,0,2,1,Discrete,100,1,Infectious,1,0.5,1,58,1
543,Spawn,TRUE,5,1,1,FALSE,Nearest-neighbor 2,Vector from input,Degree Distribution,TRUE,0.01,0.1,0,2,1,Discrete,100,1,Infectious,1,0.5,1,58,1
544,Spawn,TRUE,5,1,1,FALSE,Nearest-neighbor 2,Vector from input,Degree Distribution,TRUE,0.01,0.1,0,2,1,Discrete,100,1,Infectious,1,0.5,1,58,1
545,Spawn,TRUE,5,1,1,FALSE,Nearest-neighbor 2,Vector from input,Degree Distribution,TRUE,0.01,0.1,0,2,1,Discrete,100,1,Infectious,1,0.5,1,58,1
546,Spawn,TRUE,5,1,1,FALSE,Nearest-neighbor 2,Vector from input,Degree Distribution,TRUE,0.01,0.1,0,2,1,Discrete,100,1,Infectious,1,0.5,1,58,1
547,Spawn,TRUE,5,1,1,FALSE,Nearest-neighbor 2,Vector from input,Degree Distribution,TRUE,0.01,0.1,0,2,1,Discrete,100,1,Infectious,1,0.5,1,58,1
548,Spawn,TRUE,5,1,1,FALSE,Nearest-neighbor 2,Vector from input,Degree Distribution,TRUE,0.01,0.1,0,2,1,Discrete,100,1,Infectious,1,0.5,1,58,1
549,Spawn,TRUE,5,1,1,FALSE,Nearest-neighbor 2,Vector from input,Degree Distribution,TRUE,0.01,0.1,0,2,1,Discrete,100,1,Infectious,1,0.5,2,59,2
550,Spawn,TRUE,5,1,1,FALSE,Nearest-neighbor 2,Vector from input,Degree Distribution,TRUE,0.01,0.1,0,2,1,Discrete,100,1,Infectious,1,0.5,1,58,1
551,Spawn,TRUE,5,1,1,FALSE,Nearest-neighbor 2,Vector from input,Degree Distribution,TRUE,0.01,0.1,0,2,1,Discrete,100,1,Infectious,1,0.5,1,58,1
552,Spawn,TRUE,5,1,1,FALSE,Nearest-neighbor 2,Vector from input,Degree Distribution,TRUE,0.01,0.1,0,2,1,Discrete,100,1,Infectious,1,0.5,2,59,2
553,Spawn,TRUE,5,1,1,FALSE,Nearest-neighbor 2,Vector from input,Degree Distribution,TRUE,0.01,0.1,0,2,1,Discrete,100,1,Infectious,1,0.5,2,59,2
554,Spawn,TRUE,5,1,1,FALSE,Nearest-neighbor 2,Vector from input,Degree Distribution,TRUE,0.01,0.1,0,2,1,Discrete,100,1,Infectious,1,0.5,1,58,1
555,Spawn,TRUE,5,1,1,FALSE,Nearest-neighbor 2,Vector from input,Degree Distribution,TRUE,0.01,0.1,0,2,1,Discrete,100,1,Infectious,1,0.5,1,58,1
556,Spawn,TRUE,5,1,1,FALSE,Nearest-neighbor 2,Vector from input,Degree Distribution,TRUE,0.01,0.1,0,2,1,Discrete,100,1,Infectious,1,0.5,1,58,1
557,Spawn,TRUE,5,1,1,FALSE,Nearest-neighbor 2,Vector from input,Degree Distribution,TRUE,0.01,0.1,0,2,1,Discrete,100,1,Infectious,1,0.5,1,58,1
558,Spawn,TRUE,5,1,1,FALSE,Nearest-neighbor 2,Vector from input,Degree Distribution,TRUE,0.01,0.1,0,2,1,Discrete,100,1,Infectious,1,0.5,1,58,1
559,Spawn,TRUE,5,1,1,FALSE,Nearest-neighbor 2,Vector from input,Degree Distribution,TRUE,0.01,0.1,0,2,1,Discrete,100,1,Infectious,1,0.5,1,58,1
560,Spawn,TRUE,5,1,1,FALSE,Nearest-neighbor 2,Vector from input,Degree Distribution,TRUE,0.01,0.1,0,2,1,Discrete,100,1,Infectious,1,0.5,2,59,2
561,Spawn,TRUE,5,1,1,FALSE,Nearest-neighbor 2,Vector from input,Degree Distribution,TRUE,0.01,0.1,0,2,1,Discrete,100,1,Infectious,1,0.5,1,58,1
562,Spawn,TRUE,5,1,1,FALSE,Nearest-neighbor 2,Vector from input,Degree Distribution,TRUE,0.01,0.1,0,2,1,Discrete,100,1,Infectious,1,0.5,1,58,1
563,Spawn,TRUE,5,1,1,FALSE,Nearest-neighbor 2,Vector from input,Degree Distribution,TRUE,0.01,0.1,0,2,1,Discrete,100,1,Infectious,1,0.5,1,58,1
564,Spawn,TRUE,5,1,1,FALSE,Nearest-neighbor 2,Vector from input,Degree Distribution,TRUE,0.01,0.1,0,2,1,Discrete,100,1,Infectious,1,0.5,2,59,2
565,Spawn,TRUE,5,1,1,FALSE,Nearest-neighbor 2,Vector from input,Degree Distribution,TRUE,0.01,0.1,0,2,1,Discrete,100,1,Infectious,1,0.5,1,58,1
566,Spawn,TRUE,5,1,1,FALSE,Nearest-neighbor 2,Vector from input,Degree Distribution,TRUE,0.01,0.1,0,2,1,Discrete,100,1,Infectious,1,0.5,1,58,1
567,Spawn,TRUE,5,1,1,FALSE,Nearest-neighbor 2,Vector from input,Degree Distribution,TRUE,0.01,0.1,0,2,1,Discrete,100,1,Infectious,1,0.5,1,58,1
568,Spawn,TRUE,5,1,1,FALSE,Nearest-neighbor 2,Vector from input,Degree Distribution,TRUE,0.01,0.1,0,2,1,Discrete,100,1,Infectious,1,0.5,1,58,1
569,Spawn,TRUE,5,1,1,FALSE,Nearest-neighbor 2,Vector from input,Degree Distribution,TRUE,0.01,0.1,0,2,1,Discrete,100,1,Infectious,1,0.5,1,58,1
570,Spawn,TRUE,5,1,1,FALSE,Nearest-neighbor 2,Vector from input,Degree Distribution,TRUE,0.01,0.1,0,2,1,Discrete,100,1,Infectious,1,0.5,1,58,1
571,Spawn,TRUE,5,1,1,FALSE,Nearest-neighbor 2,Vector from input,Degree Distribution,TRUE,0.01,0.1,0,2,1,Discrete,100,1,Infectious,1,0.5,1,58,1
572,Spawn,TRUE,5,1,1,FALSE,Nearest-neighbor 2,Vector from input,Degree Distribution,TRUE,0.01,0.1,0,2,1,Discrete,100,1,Infectious,1,0.5,1,58,1
573,Spawn,TRUE,5,1,1,FALSE,Nearest-neighbor 2,Vector from input,Degree Distribution,TRUE,0.01,0.1,0,2,1,Discrete,100,1,Infectious,1,0.5,2,59,2
574,Spawn,TRUE,5,1,1,FALSE,Nearest-neighbor 2,Vector from input,Degree Distribution,TRUE,0.01,0.1,0,2,1,Discrete,100,1,Infectious,1,0.5,1,58,1
575,Spawn,TRUE,5,1,1,FALSE,Nearest-neighbor 2,Vector from input,Degree Distribution,TRUE,0.01,0.1,0,2,1,Discrete,100,1,Infectious,1,0.5,1,58,1
576,Spawn,TRUE,5,1,1,FALSE,Nearest-neighbor 2,Vector from input,Degree Distribution,TRUE,0.01,0.1,0,2,1,Discrete,100,1,Infectious,1,0.5,1,58,1
577,Spawn,TRUE,5,1,1,FALSE,Nearest-neighbor 2,Vector from input,Degree Distribution,TRUE,0.01,0.1,0,2,1,Discrete,100,1,Infectious,1,0.5,1,58,1
578,Spawn,TRUE,5,1,1,FALSE,Nearest-neighbor 2,Vector from input,Degree Distribution,TRUE,0.01,0.1,0,2,1,Discrete,100,1,Infectious,1,0.5,1,58,1
579,Spawn,TRUE,5,1,1,FALSE,Nearest-neighbor 2,Vector from input,Degree Distribution,TRUE,0.01,0.1,0,2,1,Discrete,100,1,Infectious,1,0.5,1,58,1
580,Spawn,TRUE,5,1,1,FALSE,Nearest-neighbor 2,Vector from input,Degree Distribution,TRUE,0.01,0.1,0,2,1,Discrete,100,1,Infectious,1,0.5,1,58,1
581,Spawn,TRUE,5,1,1,FALSE,Nearest-neighbor 2,Vector from input,Degree Distribution,TRUE,0.01,0.1,0,2,1,Discrete,100,1,Infectious,1,0.5,1,58,1
582,Spawn,TRUE,5,1,1,FALSE,Nearest-neighbor 2,Vector from input,Degree Distribution,TRUE,0.01,0.1,0,2,1,Discrete,100,1,Infectious,1,0.5,1,58,1
583,Spawn,TRUE,5,1,1,FALSE,Nearest-neighbor 2,Vector from input,Degree Distribution,TRUE,0.01,0.1,0,2,1,Discrete,100,1,Infectious,1,0.5,1,58,1
584,Spawn,TRUE,5,1,1,FALSE,Nearest-neighbor 2,Vector from input,Degree Distribution,TRUE,0.01,0.1,0,2,1,Discrete,100,1,Infectious,1,0.5,1,58,1
585,Spawn,TRUE,5,1,1,FALSE,Nearest-neighbor 2,Vector from input,Degree Distribution,TRUE,0.01,0.1,0,2,1,Discrete,100,1,Infectious,1,0.5,1,58,1
586,Spawn,TRUE,5,1,1,FALSE,Nearest-neighbor 2,Vector from input,Degree Distribution,TRUE,0.01,0.1,0,2,1,Discrete,100,1,Infectious,1,0.5,2,59,2
587,Spawn,TRUE,5,1,1,FALSE,Nearest-neighbor 2,Vector from input,Degree Distribution,TRUE,0.01,0.1,0,2,1,Discrete,100,1,Infectious,1,0.5,1,58,1
588,Spawn,TRUE,5,1,1,FALSE,Nearest-neighbor 2,Vector from input,Degree Distribution,TRUE,0.01,0.1,0,2,1,Discrete,100,1,Infectious,1,0.5,1,58,1
589,Spawn,TRUE,5,1,1,FALSE,Nearest-neighbor 2,Vector from input,Degree Distribution,TRUE,0.01,0.1,0,2,1,Discrete,100,1,Infectious,1,0.5,1,58,1
590,Spawn,TRUE,5,1,1,FALSE,Nearest-neighbor 2,Vector from input,Degree Distribution,TRUE,0.01,0.1,0,2,1,Discrete,100,1,Infectious,1,0.5,1,58,1
591,Spawn,TRUE,5,1,1,FALSE,Nearest-neighbor 2,Vector from input,Degree Distribution,TRUE,0.01,0.1,0,2,1,Discrete,100,1,Infectious,1,0.5,1,58,1
592,Spawn,TRUE,5,1,1,FALSE,Nearest-neighbor 2,Vector from input,Degree Distribution,TRUE,0.01,0.1,0,2,1,Discrete,100,1,Infectious,1,0.5,1,58,1
593,Spawn,TRUE,5,1,1,FALSE,Nearest-neighbor 2,Vector from input,Degree Distribution,TRUE,0.01,0.1,0,2,1,Discrete,100,1,Infectious,1,0.5,1,58,1
594,Spawn,TRUE,5,1,1,FALSE,Nearest-neighbor 2,Vector from input,Degree Distribution,TRUE,0.01,0.1,0,2,1,Discrete,100,1,Infectious,1,0.5,1,58,1
595,Spawn,TRUE,5,1,1,FALSE,Nearest-neighbor 2,Vector from input,Degree Distribution,TRUE,0.01,0.1,0,2,1,Discrete,100,1,Infectious,1,0.5,1,58,1
596,Spawn,TRUE,5,1,1,FALSE,Nearest-neighbor 2,Vector from input,Degree Distribution,TRUE,0.01,0.1,0,2,1,Discrete,100,1,Infectious,1,0.5,1,58,1
597,Spawn,TRUE,5,1,1,FALSE,Nearest-neighbor 2,Vector from input,Degree Distribution,TRUE,0.01,0.1,0,2,1,Discrete,100,1,Infectious,1,0.5,1,58,1
598,Spawn,TRUE,5,1,1,FALSE,Nearest-neighbor 2,Vector from input,Degree Distribution,TRUE,0.01,0.1,0,2,1,Discrete,100,1,Infectious,1,0.5,1,58,1
599,Spawn,TRUE,5,1,1,FALSE,Nearest-neighbor 2,Vector from input,Degree Distribution,TRUE,0.01,0.1,0,2,1,Discrete,100,1,Infectious,1,0.5,1,58,1
600,Spawn,TRUE,5,1,1,FALSE,Nearest-neighbor 2,Vector from input,Degree Distribution,TRUE,0.01,0.1,0,2,1,Discrete,100,1,Infectious,1,0.5,1,58,1